applicant_id,name,email,phone,nationality,age,employment_status,years_employed,monthly_income,monthly_expenses,family_size,dependents,housing_type,total_assets,total_liabilities,net_worth,credit_score,label
fb0d80ea-64de-4774-b84f-acf0f4117045,Eric Fitzpatrick,janicebennett@example.com,001-600-200-7323x8512,Emirati,32,employed,2,11898.61,5061.98,1,1,owned,122445.93,41861.38,80584.54999999999,404,DECLINE
77eca7c4-73f9-40e3-b1ae-d6cd74c6001a,Alexandra Wells,wilsonbrandy@example.com,+1-509-919-3849x86417,Expat,39,employed,5,11592.24,11673.92,4,0,family,350662.49,125855.95,224806.53999999998,759,DECLINE
16973528-e8c8-4895-8c19-a0662381ddd6,Alyssa Whitney,smithdavid@example.com,482.224.1959x3599,Expat,20,part_time,19,1645.94,1774.32,3,2,owned,381747.06,30663.08,351083.98,689,DECLINE
97a45483-2e33-4e4b-b754-1ced01190a85,Mitchell Sims,collinsamanda@example.net,733-398-2977x264,Expat,23,self_employed,7,11731.16,5345.23,2,2,rented,189267.19,165612.19,23655.0,670,DECLINE
b383a1b9-5cb0-4622-8a54-cb551b56ad46,Mr. Joseph Oconnor MD,iwashington@example.org,(529)442-0073,Expat,62,unemployed,0,570.19,323.64,2,1,family,226705.15,250233.13,-23527.98000000001,466,APPROVE
20f76a83-2f43-4c15-bddb-050742b5088b,Tammy Spencer,jmoore@example.com,(265)320-5629x86436,Emirati,20,employed,1,9409.68,10108.65,3,2,rented,122405.46,138678.06,-16272.599999999991,576,DECLINE
af88a00d-1c8c-4071-9bef-b47db4eea69e,Cindy Foley,kimberlyday@example.org,+1-283-255-9389,Expat,27,part_time,20,1803.22,1292.02,7,7,rented,105491.42,282872.91,-177381.49,622,APPROVE
1af42c3c-fd0e-4f91-867b-e79c45fda6b6,Brenda Wright,lisa55@example.org,+1-792-658-1208x68231,Expat,23,part_time,4,1739.88,1001.23,3,2,government,280684.07,78822.48,201861.59000000003,738,DECLINE
b5139828-52e4-43a0-abce-c218abd097c9,Rhonda Mckee,tyler81@example.org,+1-442-580-2447x615,Expat,53,employed,14,4834.1,4238.11,2,1,government,79991.0,204144.36,-124153.35999999999,365,DECLINE
b360c60c-a626-4389-9124-b62b5b2cd884,Christina Marsh,richard73@example.org,(857)991-8552,Emirati,64,employed,14,11180.52,8360.93,2,1,owned,268485.17,80047.56,188437.61,648,DECLINE
a97b514f-3283-4420-ad0d-6ac4cae482fb,David Nunez,mpeterson@example.net,854-734-1340x03990,Emirati,56,part_time,5,2523.05,1763.94,3,1,rented,53205.41,187590.06,-134384.65,819,APPROVE
5ca5126e-8b36-457f-bec8-d3040b26658f,Patricia Love,richardwalker@example.org,001-559-949-0544x67116,Emirati,23,part_time,18,1058.43,627.33,8,0,rented,464549.31,263616.56,200932.75,614,APPROVE
16565c75-9c1e-4075-b806-3f1c3380596f,Kendra Mccoy,heather56@example.net,899-710-3291x0728,Expat,31,self_employed,19,11779.84,9684.67,2,1,rented,266353.08,37728.15,228624.93000000002,786,DECLINE
4a585eae-7ce2-458a-9d0f-ce771c6c30b1,Catherine Price,gina38@example.com,001-880-813-7813x6332,Emirati,39,unemployed,0,598.49,358.09,5,0,government,335843.48,112026.15,223817.33,829,APPROVE
b68754a3-cd55-4bea-9706-9bcf7a8b2aec,Judy Kennedy,jeremystephens@example.com,537.547.1394,Emirati,50,employed,10,10061.28,11312.26,4,0,rented,3595.42,212352.28,-208756.86,360,APPROVE
53be0e43-dd27-4674-acb6-0862a3f979b7,James Curtis,jenniferlarson@example.net,739-845-5688x577,Emirati,24,unemployed,0,1003.47,1049.63,5,3,rented,107118.4,39693.55,67424.84999999999,784,APPROVE
8fbf7f44-eba5-4aad-8b3b-19b3d7ad04fb,Dawn Kirby MD,cwood@example.org,683-996-8782,Emirati,33,employed,10,7251.57,5236.34,7,0,owned,205551.14,259151.02,-53599.879999999976,355,APPROVE
523dbddf-f4d8-4a47-b086-fe0e1841a0ae,Carolyn Johnson,amcdowell@example.org,001-929-896-6296x41381,Emirati,21,unemployed,0,804.43,606.95,4,0,rented,70091.15,55046.41,15044.73999999999,773,APPROVE
23c093f0-ae63-46ba-953e-5fefe059caaf,Miranda Rodriguez,christinamyers@example.net,2568207409,Emirati,42,employed,1,14116.4,15411.16,2,0,government,424347.87,49893.33,374454.54,797,DECLINE
2516b87a-e467-46ce-bdc2-bdbab88cc21b,Victor Morrison,alicia25@example.net,988-312-8388,Emirati,55,employed,6,6182.44,3412.2,7,2,government,392035.3,136502.51,255532.78999999998,733,DECLINE
15ff7cd9-1262-44d3-a9d7-55138863735d,Jean Torres,aaron47@example.net,(757)748-3932x301,Emirati,22,employed,2,3685.98,4307.52,6,0,rented,292088.8,150855.11,141233.69,843,DECLINE
1a7a36f0-7aa5-467b-8c66-4727b1209c73,Harry Carr,qcarroll@example.com,924-542-2936,Expat,34,employed,18,7845.31,7263.96,4,3,owned,470798.06,170902.62,299895.44,340,DECLINE
b8f573fa-3604-4cda-94aa-5f688d332295,Danny Lamb,aaron30@example.org,(952)763-6718x3816,Emirati,18,unemployed,0,358.03,409.31,6,2,government,197892.92,201507.07,-3614.149999999994,607,APPROVE
cdc41c99-e5d7-41fd-9aff-d056b761de51,Shannon Moran,matthewbrown@example.com,001-965-279-2818x93098,Expat,52,self_employed,5,2732.61,1900.86,2,0,owned,106577.16,79560.12,27017.040000000008,657,DECLINE
2680e53d-fdfd-4b21-a2df-452cc4e2d3a0,Breanna Torres,briana28@example.org,+1-483-741-5619x552,Emirati,35,part_time,3,3003.59,1478.8,1,1,rented,277301.14,279526.81,-2225.6699999999837,406,DECLINE
17839cd7-d679-4714-a5a9-f063d8bb4e22,Joseph Burns,davisdavid@example.net,+1-528-319-2590x708,Emirati,58,part_time,1,3152.84,3544.64,4,2,government,101798.66,190271.39,-88472.73000000001,570,APPROVE
44487a03-064e-4d54-9843-52780998683f,Anthony Woodward,barkertimothy@example.com,001-808-224-4466,Emirati,25,self_employed,13,2440.87,1839.12,5,5,rented,166778.27,39245.9,127532.37,568,APPROVE
ffbb047b-131c-4e93-8603-75e29d018bc7,Robert Moore,jenniferboyle@example.com,(832)611-8320x91421,Emirati,40,employed,11,9547.08,4138.31,3,1,government,417297.51,174752.87,242544.64,451,DECLINE
efa12e99-ac3c-44cd-88f2-91a7f4842472,Pamela Moore,albert21@example.org,944.284.4625x59468,Emirati,44,unemployed,0,1000.4,1092.12,4,1,rented,176839.32,167965.06,8874.26000000001,716,APPROVE
b0802304-7240-437e-a425-0998435aac78,Joseph Kane,davisfrank@example.org,+1-275-767-6832x1951,Expat,20,employed,3,11838.77,12192.74,3,1,family,166092.73,279244.77,-113152.04000000001,554,DECLINE
47e8adff-c7a6-436f-a518-ba742d9dac32,Angela Clark,nathan94@example.com,225-584-0970,Expat,35,self_employed,12,3995.73,3708.14,4,0,rented,459225.95,104897.53,354328.42000000004,533,DECLINE
bfca8dfd-83f7-41da-a489-1793ba9576fb,Heidi Nguyen,mmarshall@example.org,+1-575-868-9953,Emirati,55,employed,8,7213.75,3551.14,5,0,family,254702.84,203855.44,50847.399999999994,849,DECLINE
adfe54bc-464f-49a8-8b34-3ece045f603b,Justin Boyd,isaac46@example.org,4165903823,Emirati,34,part_time,18,1325.21,938.46,1,0,government,217281.88,218563.52,-1281.6399999999849,621,APPROVE
0ed1c37e-420d-4daa-829f-cacb09bf78ee,Emily Gilmore,brianwagner@example.net,(939)406-0798x059,Expat,60,employed,10,3020.3,1377.19,7,6,family,462787.58,161535.6,301251.98,501,DECLINE
7cc86c50-bc53-4b44-8516-5a0bda161311,Victoria Chavez,tweber@example.net,261-956-5327x5727,Emirati,57,employed,12,9085.47,6690.15,5,1,rented,333446.45,97854.87,235591.58000000002,602,DECLINE
304348a2-8a6b-4ded-bc9b-4813de77ebef,Richard Chavez,aguilareric@example.org,204-742-2351x294,Expat,65,part_time,6,2643.81,1991.92,7,7,family,202.97,86074.12,-85871.15,740,APPROVE
e7c19817-aab6-42f2-8d36-f101aa1ec6b5,Christine Nguyen,torresrichard@example.net,(513)411-7429x780,Emirati,27,unemployed,0,425.68,275.98,2,2,rented,331926.92,185778.24,146148.68,395,APPROVE
7e158d40-9247-4a22-a523-4ea777074a2c,Catherine Porter,garymitchell@example.com,(651)647-6866,Emirati,63,employed,18,5938.11,6584.83,1,1,government,237568.17,254921.31,-17353.139999999985,374,APPROVE
6533585b-8acc-4da8-a62a-00ae7ee78777,Gary Fisher,leslieallen@example.net,+1-568-725-3674x59026,Expat,21,self_employed,16,5996.53,3242.38,8,3,government,73785.67,206286.72,-132501.05,409,APPROVE
5cab9229-98b8-44ec-8dbf-e72ecc271e3a,Kevin Williams,ruth27@example.org,680-817-1653x644,Expat,53,unemployed,0,684.69,720.3,2,2,government,400708.3,200273.32,200434.97999999998,624,APPROVE
b158f976-9e94-424d-a0dd-db019b9cfb16,Michele Gates,msoto@example.net,001-426-408-4373x708,Expat,22,self_employed,8,9436.55,8506.09,3,3,family,237337.22,77757.46,159579.76,553,DECLINE
7b249fd6-362e-4e5c-bed6-e2d7eb3a7b4a,Alexis Nguyen,washingtonangela@example.org,866.550.9767x17714,Emirati,22,part_time,4,1815.15,1282.27,4,1,rented,159854.78,162045.67,-2190.890000000014,441,APPROVE
c31f074c-f7fa-49dd-86eb-d6f17a176e4e,Donna Hoffman,clarkbarry@example.com,(440)695-3671,Expat,48,self_employed,18,5308.81,5762.11,7,0,government,232962.15,18679.71,214282.44,730,DECLINE
76f71364-4e44-4d00-89d8-6a7951607248,Teresa Robinson,robertsmelissa@example.com,378-339-3674x51291,Expat,19,employed,13,6583.35,3788.96,6,3,rented,194993.32,267492.46,-72499.14000000001,729,APPROVE
75368bf4-edad-4473-9151-790a3d54cd68,Debra Bailey,youngsarah@example.com,6213419584,Emirati,23,self_employed,12,8688.74,7188.19,6,4,rented,399071.16,217254.41,181816.74999999997,778,DECLINE
bde8e94a-e7a3-4054-8897-1cbe4d7c6ae7,Karen Solomon,ecook@example.net,842.349.0519,Expat,44,self_employed,12,10668.51,7056.97,3,3,rented,90864.51,78046.89,12817.619999999995,635,DECLINE
72ee8137-da42-4807-a7e0-56bd8e83df1b,Cesar Davis,juliajohnston@example.net,(882)822-7281,Emirati,19,part_time,20,2410.92,1096.71,2,2,rented,374512.13,15625.68,358886.45,658,DECLINE
e81beb4d-8bd9-4d1c-8c42-b1bf4135f8c6,Hayden Williams,vasquezalexander@example.org,675-651-5492,Expat,62,unemployed,0,1258.84,1458.0,4,4,owned,310667.83,71563.48,239104.35000000003,784,APPROVE
ceaa7f4d-5be9-4f27-99ff-36da6d8b09a1,Mary Blair,davismark@example.com,914.336.9710,Expat,54,part_time,0,1503.37,731.36,6,2,rented,303623.75,224377.7,79246.04999999999,417,APPROVE
eb063491-999a-400d-83de-23d5eb201101,Greg Taylor,jasonhart@example.com,(912)588-7131,Emirati,54,self_employed,19,11414.71,12330.56,7,4,owned,99164.89,177629.36,-78464.46999999999,548,APPROVE
f11b9a67-1455-489c-a89d-0299eb1a8c54,Margaret Graham,jonesregina@example.org,292.614.5230x7751,Emirati,45,employed,15,9392.94,6913.65,6,6,owned,330760.67,20687.02,310073.64999999997,649,DECLINE
301b5316-80f6-403c-9251-4478bf2d9c4f,Christopher Pena,andersonlinda@example.com,726-542-9706,Expat,38,part_time,18,3121.93,2336.64,8,7,government,217743.57,220138.59,-2395.0199999999895,576,DECLINE
8fb4f233-6ae1-4d3d-9ec0-244b3d38ec0f,Mary Waters,vmartin@example.com,001-538-629-7426x35885,Expat,29,unemployed,0,418.39,332.81,2,0,family,225401.0,225142.88,258.11999999999534,688,APPROVE
62278a29-417c-404f-b3e9-4cecfc56caa3,Matthew Delgado,kevin11@example.net,679-401-2042x434,Emirati,64,self_employed,2,5548.25,6427.37,4,4,owned,129176.2,83897.55,45278.649999999994,582,DECLINE
423b7635-2757-4bf1-9083-7e71788281a8,Jose Smith,tracey74@example.net,(965)580-5636x0383,Expat,62,self_employed,7,7551.76,3582.88,8,0,government,120161.97,142827.93,-22665.959999999992,802,DECLINE
2411f59d-d6d6-4b11-ac51-1be1e36ad5e3,Jessica Rush,brittney58@example.net,+1-820-648-8779x38034,Expat,62,unemployed,0,995.94,836.9,5,5,government,184510.23,166041.89,18468.339999999997,652,APPROVE
a7ab2b2a-a2e7-4d46-b424-914c36f9dc49,Brett Hamilton,cramirez@example.com,+1-251-353-1535x002,Emirati,31,self_employed,5,5066.23,4198.34,5,5,owned,115269.02,216385.3,-101116.27999999998,623,DECLINE
6a41551e-114c-46d2-bef5-b275e10b98da,Audrey Casey,qknight@example.net,(535)969-6059x287,Emirati,37,self_employed,11,9245.85,5889.58,5,1,owned,488303.51,157391.06,330912.45,589,DECLINE
0acbdb7f-a4a2-43e2-8643-11b9aab92443,Cassandra Stuart,qmartin@example.com,7359039697,Expat,48,employed,18,6291.74,6909.44,3,0,government,487147.47,166007.69,321139.77999999997,429,DECLINE
c32b4b64-0b61-4ea2-820b-60e5f01d3193,Douglas Thomas,suzannewall@example.com,+1-679-984-3174x77613,Emirati,27,self_employed,2,5407.06,3896.14,8,1,owned,482748.82,75743.52,407005.3,789,DECLINE
868dadb2-fd31-4827-b07b-1ed2564ae094,Valerie Wilkerson,hgray@example.org,2146720310,Expat,37,unemployed,0,127.77,89.99,5,4,rented,124095.48,167421.91,-43326.43000000001,726,APPROVE
d605266d-ffd9-42ed-9a90-a98d4c3458f2,Darryl Cuevas,lflores@example.net,891-464-4227x177,Emirati,33,self_employed,2,7686.29,4372.12,5,5,rented,30115.15,288032.63,-257917.48,401,APPROVE
394a43c9-ddc3-4843-a7fe-ec55236267e4,Debra Alvarez,dgarcia@example.org,7234256978,Expat,62,unemployed,0,234.8,137.4,2,0,family,204258.79,206811.34,-2552.5499999999884,781,APPROVE
987ba2a4-1eef-4ae0-b3c0-91e0a101a04b,Alisha Francis,ibarrajeffrey@example.net,(830)670-6080,Emirati,35,self_employed,20,8873.85,7415.43,2,0,government,461955.52,236348.41,225607.11000000002,502,DECLINE
c6dc4059-75b0-4f96-abe3-a13dcaae039b,Mrs. Nicole Meyer,ellismary@example.com,(253)333-0167x4057,Expat,62,unemployed,0,89.46,69.33,2,0,government,396314.28,178513.21,217801.07000000004,595,APPROVE
451f197d-fe4c-4e56-91b1-d89cfb5a191e,Felicia Moran,jessicawilliams@example.net,547-864-2166,Emirati,23,self_employed,8,7004.72,4608.11,5,5,government,246897.61,24132.56,222765.05,340,DECLINE
320eab76-846a-47f6-9a5f-3f968b852121,Janet Bradley,catherineellison@example.com,409.801.7252x19467,Expat,35,unemployed,0,1499.36,1222.23,1,1,rented,336140.79,80853.31,255287.47999999998,341,APPROVE
9305fb25-293d-4e61-adfc-7223948dd925,Angela Norris,howardsarah@example.net,725-686-6912x961,Emirati,28,unemployed,0,952.18,625.44,7,5,government,245862.9,27372.72,218490.18,656,APPROVE
ff8f6681-8ba3-466c-999f-600bf9fe371e,Laura Larson,dunnpaul@example.com,+1-827-255-8829x281,Emirati,43,part_time,10,3081.02,2007.63,7,1,government,144108.9,283558.06,-139449.16,337,APPROVE
dcde3673-fdeb-4e3a-bf71-3e440e9d6093,Kathleen Simpson,xobrien@example.net,001-400-350-7458x035,Emirati,36,employed,17,7958.97,4479.68,8,0,government,93791.27,108533.81,-14742.539999999994,810,DECLINE
012f5017-441c-424a-94bd-8ea542b490f1,Linda Villanueva MD,markmolina@example.org,(821)401-8338,Expat,23,self_employed,17,3214.26,2702.14,8,4,rented,486573.41,182661.5,303911.91,545,DECLINE
3ed26946-f631-4272-8675-3a75dd07e32c,Katie Rivera,woodsrichard@example.com,001-711-874-5015x8546,Expat,48,unemployed,0,692.17,667.48,2,2,family,58733.07,249642.95,-190909.88,810,APPROVE
9d295bc6-9a88-4b92-8fb4-67e5046d5120,Shannon Crawford,joelalvarez@example.org,524.335.1411x481,Expat,50,self_employed,13,6567.86,4078.63,4,0,rented,72320.98,57183.11,15137.869999999995,820,DECLINE
d82654f9-21ad-42e6-9124-758694bcfa44,Susan Cole,gibsonlaura@example.org,+1-728-407-8717x898,Expat,53,part_time,11,1848.52,1535.87,1,1,rented,149277.92,176081.32,-26803.399999999994,801,APPROVE
19b8e512-f64e-4e14-92e0-a1d7e8b81213,Todd Brown,tboyd@example.net,001-622-872-1469x465,Emirati,38,self_employed,13,11328.52,12289.3,8,3,government,434800.84,294232.39,140568.45,544,DECLINE
b1266c18-1778-447d-ac76-6d3ad35b9a1a,Jeffrey Howard,daymelissa@example.net,(965)934-9311x4068,Expat,24,self_employed,18,5860.79,2936.24,7,0,government,331844.41,246224.27,85620.13999999998,455,DECLINE
ef1c551b-067d-4b52-9c30-c28d9fff8bdc,Walter Odonnell,carrollteresa@example.org,001-654-305-6513x86334,Expat,57,self_employed,8,7259.51,5630.42,2,0,rented,228464.04,216733.15,11730.890000000014,719,DECLINE
ef05b316-34ad-4ba3-8dae-83e6a8716ddc,Darryl Perez,leachbrett@example.com,495.819.9082x039,Emirati,57,self_employed,15,10517.65,10254.43,2,2,family,426170.67,257802.66,168368.00999999998,689,DECLINE
dbc04990-d94f-4cea-969e-62a279390d17,Sean Beard,beth61@example.com,(352)340-3511x808,Expat,28,employed,3,10573.93,10661.65,4,0,government,460464.55,299227.78,161236.76999999996,392,APPROVE
1a230872-2f7c-4a5c-b97d-28bf3900190b,Jerry Stephens,travis44@example.org,001-466-468-3245x602,Emirati,28,part_time,13,1137.97,677.5,1,0,government,398071.73,88010.33,310061.39999999997,683,DECLINE
5b370a39-b62d-46e4-bb65-9c74a12f6717,Duane Carey,mfisher@example.com,001-411-667-7080x745,Expat,47,unemployed,0,914.24,702.98,2,0,rented,191272.15,204940.37,-13668.220000000001,809,APPROVE
e68fa8eb-b130-46d2-a80f-464069d4fb42,Brandon Kerr,gonzaleskevin@example.net,891.756.4188x765,Expat,58,part_time,18,3696.73,4274.12,1,1,owned,232626.63,86289.5,146337.13,461,DECLINE
43021e64-539f-4547-a336-8e9bb45aeeef,Jordan Clark,melissawalker@example.net,+1-880-700-7455,Expat,62,self_employed,11,6568.36,4631.29,5,1,owned,151060.84,299812.07,-148751.23,794,DECLINE
cdcde128-6489-40e5-bd04-5713b442b6ee,Christopher Patton,cory73@example.org,706-482-9507x98699,Expat,32,part_time,7,3933.83,4014.84,1,1,government,329114.91,82344.11,246770.8,350,DECLINE
22953eb7-d0b0-40b6-a3a0-25f45bfaea18,Dr. Karen Arnold DVM,erinolson@example.net,814.791.7502,Expat,46,unemployed,0,1016.65,932.34,5,5,owned,360464.19,197754.46,162709.73,440,APPROVE
83e9c2d6-7968-4d3f-873b-7ed5958aaee1,Lance Brown,theresa74@example.com,601-256-8032,Expat,51,employed,17,11788.32,5961.68,6,1,rented,45066.69,88533.14,-43466.45,725,DECLINE
0f18b019-4dec-4392-8db2-85b590346593,Angela Coleman,dawsonjenny@example.org,001-650-626-6804x4585,Emirati,32,part_time,2,1770.91,1371.86,3,0,family,412344.91,144554.35,267790.55999999994,602,DECLINE
aaaff109-9dc8-4b16-bbd8-56eeb72c94d6,Jeffrey Mcdaniel,rogersnathan@example.com,936.618.8493x92600,Expat,58,self_employed,8,2903.03,2723.8,6,2,government,197287.28,79337.57,117949.70999999999,426,APPROVE
06dfb434-0701-469c-a4c4-55dcb53d5e5e,Mary Shaw,daymelanie@example.com,448.635.5131,Expat,59,part_time,14,3024.51,1362.76,2,2,rented,235738.43,185864.06,49874.369999999995,635,DECLINE
2ae88c89-d454-4532-bc48-9ad61b564ff8,William Lozano,austin97@example.net,(578)950-6746,Emirati,42,self_employed,17,3397.77,1997.35,2,0,owned,473130.77,91309.38,381821.39,804,DECLINE
e65de459-9bad-4d8c-9a1c-ad0f5baf2c44,Yvette Mitchell,steven98@example.org,933-535-1193,Expat,35,self_employed,15,8704.86,8042.75,6,3,rented,371570.06,283792.23,87777.83000000002,729,DECLINE
7fc35d65-e649-4828-9212-8206c89a21fd,Adam Martinez,kelly59@example.net,001-412-895-2057x979,Expat,21,employed,20,5607.24,3890.68,6,5,owned,222347.93,70833.79,151514.14,671,DECLINE
961a0737-ccb7-40b0-94a8-7b434a869310,Kristi Evans,robertsmith@example.com,(994)369-6919,Emirati,21,self_employed,20,3898.09,2220.68,5,5,owned,61079.86,254409.96,-193330.09999999998,765,DECLINE
6438daf9-a9ff-4bbd-8abb-22beb950df42,Jason Macias,cbarnett@example.org,(511)698-2451x797,Emirati,35,part_time,4,3966.46,2629.16,4,1,rented,393489.05,61561.67,331927.38,512,DECLINE
1bcf2fac-7e61-46c7-9684-d1aed52d4ead,Tracy Walter,smithfelicia@example.com,+1-602-608-2450x73660,Emirati,55,unemployed,0,810.32,556.36,3,0,rented,399256.91,32977.9,366279.00999999995,326,APPROVE
bc839ff7-6165-47af-aab9-4eefb4df59ab,Matthew Hodges,marissadixon@example.net,(453)914-0540x9709,Emirati,46,part_time,11,1522.74,1189.26,1,0,owned,26199.51,222515.42,-196315.91,838,DECLINE
d5c7c8c2-243f-4dc8-b2a5-240c4a87dcf0,Nathan Armstrong,yperez@example.org,001-381-562-9501x25396,Expat,43,unemployed,0,1090.86,489.43,1,0,government,454375.84,197670.92,256704.92,608,APPROVE
42f903c1-894b-452e-a2f2-3322d3df9a8e,David Wallace,wilsonbrittney@example.org,8239504378,Expat,57,self_employed,4,6902.69,3580.2,2,2,family,454850.41,22047.21,432803.19999999995,382,DECLINE
cc470ddd-ec63-4dd8-8edb-57b16d7fdc81,Jacob Perry,laurajordan@example.net,4437437053,Emirati,45,part_time,20,3983.88,4311.49,7,1,owned,265278.42,136114.63,129163.78999999998,740,DECLINE
f276dd02-1cdc-4432-a9b1-8f28ea19a68a,Ryan Harrington,christianwelch@example.com,775-768-9341,Expat,27,self_employed,8,6138.14,3989.91,4,3,family,413709.61,119619.06,294090.55,397,DECLINE
b37eea20-ce34-4e1f-ba99-3e6e094708c8,Renee Green,johnsondaniel@example.net,908-917-5742,Expat,60,self_employed,17,2912.25,1304.64,2,2,rented,42682.18,129562.96,-86880.78,681,APPROVE
813d7047-10d5-4edc-bee4-a0b822b272a9,Trevor Arnold,stacey71@example.org,271.901.6669x34749,Emirati,27,employed,18,7243.18,4934.9,7,4,family,332670.26,225085.28,107584.98000000001,352,DECLINE
d55d8461-fe53-419e-b0b5-0f0b48e3c86d,Johnathan Harris,lreed@example.org,(797)449-8848x3419,Emirati,56,self_employed,13,10472.75,6083.91,4,4,family,175057.0,166879.64,8177.359999999986,417,APPROVE
d482542c-7438-4b03-9113-6ffbd776e976,Kimberly Pratt,bruce22@example.com,443.565.4009x742,Expat,22,part_time,4,1541.25,840.17,1,0,family,351349.39,92695.41,258653.98,647,DECLINE
15766fb2-bfba-494d-8aab-0f9bf0cf669a,Kim George,debra06@example.com,210.652.3779x815,Expat,54,unemployed,0,137.64,95.8,1,0,family,265241.34,112858.32,152383.02000000002,764,APPROVE
0bc19a60-56f7-4366-82be-df3182c94a7d,Michael Wilson,allenmichael@example.org,+1-606-728-6574x8595,Expat,44,employed,15,4866.96,4524.09,1,1,family,377217.94,14928.75,362289.19,383,DECLINE
a0f84021-bce4-4668-8e7d-159bfb0b37c4,Andrew Cunningham,kaitlincook@example.net,435.433.8051,Emirati,43,part_time,1,3264.83,3048.39,4,4,government,56908.75,128974.09,-72065.34,590,DECLINE
44878fa1-6bbd-4104-bc13-b1d00cde0a29,Brian Chapman,chadgarcia@example.org,865-314-5727,Expat,29,employed,15,5453.08,2704.66,1,1,family,472662.04,230204.86,242457.18,561,DECLINE
6efbbc43-68f7-4de9-80b3-847e039c32f8,Megan Wright,wagnerchristopher@example.org,798.615.9138x3085,Emirati,45,unemployed,0,798.87,870.3,7,6,owned,115055.36,167617.07,-52561.71000000001,662,APPROVE
08a95ba4-936f-48fd-8d80-58faf4301fa0,Jason Porter,nhernandez@example.com,(395)852-4153x07362,Expat,28,employed,0,14053.95,6916.49,8,4,government,431055.01,172727.75,258327.26,714,DECLINE
a8e083cc-e6f5-42a7-acc4-d54a39d9e866,Brooke Chavez,jonesamy@example.org,641.237.3486,Emirati,39,self_employed,10,2881.3,3159.11,6,3,owned,422242.18,72994.94,349247.24,710,APPROVE
a88845c9-8201-414b-96e7-e190136533f1,Gordon Davis,victoria97@example.net,(211)662-3176,Emirati,33,unemployed,0,765.72,893.27,2,2,family,57013.32,152985.62,-95972.29999999999,657,APPROVE
bf40c2aa-4bdf-4005-a576-bcf739491231,Mr. Charles Leonard,danielle54@example.com,431.695.3148x9646,Expat,61,employed,18,6071.62,4682.21,3,3,rented,86749.51,45860.94,40888.56999999999,377,DECLINE
5e9e2ae8-714f-415b-a08d-4e0be0e26c30,Brian Harvey,cindy92@example.org,503-530-2472,Emirati,37,part_time,16,1452.87,646.44,6,4,family,34143.13,132662.42,-98519.29000000001,610,APPROVE
5e8ee009-a2b9-44b8-9ef9-48279fc5c54f,Cynthia Washington,hernandezsamantha@example.org,722-286-7930x2130,Expat,54,self_employed,1,2376.07,2053.55,8,7,government,184368.8,86123.11,98245.68999999999,392,APPROVE
8b7a2abf-dd7e-4852-b49f-78f97bf9fdfb,David Mckinney,nlewis@example.com,509.374.3050,Expat,63,unemployed,0,907.51,1015.78,6,6,owned,250683.65,287316.71,-36633.06000000003,761,APPROVE
28f4e009-4ece-4323-9ab9-ec781c28f98a,Kathryn Holmes,millerkimberly@example.com,537.586.4360,Expat,44,employed,9,3469.71,2422.83,3,2,rented,353810.85,297295.81,56515.03999999998,836,DECLINE
7554f2af-f60d-477f-bd92-4edb116d4cda,Meredith Jones MD,morganphilip@example.com,(431)647-4832x712,Emirati,39,part_time,19,3367.68,2025.98,1,1,government,323652.68,19773.56,303879.12,396,DECLINE
a276c1c2-5465-47e4-8282-62f33b1f1f99,Charles Hernandez,brucewilliams@example.org,001-558-955-3795x1837,Expat,26,employed,12,14000.96,9067.94,3,0,rented,155115.87,196816.42,-41700.55000000002,701,DECLINE
2516275b-3c4a-4da3-904c-1bc1ff48a1ab,Debra Bryant,denise60@example.org,488.400.1893,Emirati,22,employed,4,9101.86,5038.83,7,7,family,9115.27,92659.82,-83544.55,519,DECLINE
6f126a1c-9543-432f-8683-2f28fd495e27,David Moore,peckryan@example.com,639.885.2774x21689,Emirati,56,part_time,19,2523.07,1688.97,2,2,owned,269885.38,221593.2,48292.17999999999,839,DECLINE
d3b8cc2c-5e7e-49bd-a760-7fa848f50860,Douglas Santos,pjohnson@example.org,454.852.6076,Expat,57,self_employed,7,3622.47,2639.65,3,0,government,415672.53,231329.34,184343.19000000003,469,DECLINE
9fbab8ee-71c9-445a-bcec-87201357f14d,Jerome Johnson,shawn39@example.net,001-459-543-1918x11724,Expat,47,part_time,18,1702.01,1604.39,8,5,rented,119584.25,289678.99,-170094.74,780,APPROVE
d1b2b6ce-78bc-4b40-bab6-89aceb14eab7,Alexander Green,tiffanygreen@example.org,9896808861,Expat,53,part_time,15,2508.72,1108.21,7,4,rented,209330.41,48617.45,160712.96000000002,504,APPROVE
e8041e7d-043c-4c65-9626-709b238d25f0,Jessica Lester,shannon89@example.net,+1-492-379-4558x5757,Expat,40,employed,7,6420.76,3039.4,2,1,rented,381558.42,81837.39,299721.02999999997,825,DECLINE
7fd8e403-d4e0-40ee-8361-aad608064d52,Troy Bird,rodgersroger@example.net,(993)239-8607,Expat,27,employed,3,3639.08,1537.69,7,3,family,251003.56,70733.42,180270.14,383,DECLINE
99804d17-2201-4f35-86a6-cac265ab6bfd,Wendy Anderson,watkinsshannon@example.com,(924)434-9221,Emirati,19,unemployed,0,430.32,383.97,1,1,government,414880.79,208821.6,206059.18999999997,442,APPROVE
6a62451b-1471-4a8b-8d43-4f545e97480e,Karla Rodriguez,icrawford@example.org,784.545.2525x2492,Expat,25,part_time,7,3504.89,3578.28,4,0,government,274402.12,218170.44,56231.67999999999,840,DECLINE
6e1fa61a-f94b-40f2-9147-5734c5c5c30c,Ashley Smith,katie59@example.org,001-495-676-8827x1982,Emirati,63,employed,20,8037.91,6662.17,4,4,government,396949.55,137134.08,259815.47,413,DECLINE
de7a0eb4-3ea0-4495-bec5-c441d8d2c006,Anna Cisneros,taylorjeremy@example.org,470.204.8130,Expat,22,unemployed,0,643.86,601.73,5,5,rented,307404.79,72169.27,235235.51999999996,726,APPROVE
44ab95d4-920b-46bd-89c8-5b929c33a229,Brenda Anderson,martindavid@example.net,001-419-379-5793x030,Expat,33,employed,2,13479.98,9242.89,7,0,family,21767.21,116064.4,-94297.19,682,DECLINE
21540b38-3982-404e-b879-899e972ec932,Jason Garcia,pughryan@example.org,795.587.5778x4307,Emirati,22,employed,5,4600.92,3601.71,6,5,government,176149.52,101564.18,74585.34,479,DECLINE
40967c2f-391f-4117-8e8e-ddbf68b9ea70,James Parsons,gordonjohn@example.org,(639)663-6892x376,Expat,34,self_employed,17,4934.43,4008.27,1,1,family,21903.14,59840.95,-37937.81,342,DECLINE
1b118773-2458-4eff-9077-2d06401bebad,Monique Stephenson,valenciaamanda@example.org,900.387.3553x3137,Expat,65,employed,13,6433.33,6687.28,4,0,family,431069.27,14341.21,416728.06,639,DECLINE
ee3470fb-80a2-42ee-afa3-cbd181327c18,Nicole Johnson,dominiquefrank@example.com,(353)901-1832,Expat,56,self_employed,2,5390.37,5291.54,7,1,family,93408.61,207620.55,-114211.93999999999,676,DECLINE
9039d58c-b2b8-47de-8556-adca0c423f13,Donna Young,matthew99@example.org,833-895-2042,Emirati,62,unemployed,0,481.82,469.36,5,4,government,40034.46,198275.77,-158241.31,613,APPROVE
a9c3b9e4-1daa-4479-b1cb-e896d7af5da6,Bonnie Spencer,dalejordan@example.net,959.909.8884x8147,Emirati,60,self_employed,1,6471.3,7662.16,6,5,family,363407.2,273482.17,89925.03000000003,745,DECLINE
b5fb97e1-a20d-4431-8e5a-5fb5830744cb,Jesse Carrillo,phillipsmolly@example.com,(431)605-9703,Emirati,26,self_employed,14,7130.86,6318.36,6,6,rented,374948.99,47996.02,326952.97,331,APPROVE
17b5cc92-ca8c-483e-91ea-c3a2591d4463,Bryan Foster MD,qjohnson@example.com,313.857.5841x74360,Expat,22,employed,11,12342.18,14305.31,4,3,rented,183164.24,114856.32,68307.91999999998,333,APPROVE
e427a8cb-ac96-4fec-92e0-61cb806e18fc,Jessica Bryant,gina34@example.org,617-901-7125x699,Expat,53,unemployed,0,597.05,327.68,6,5,owned,324780.37,74883.5,249896.87,416,APPROVE
a029568f-3b55-418e-91b5-e24b76dcb367,Betty Vega,williamsheather@example.org,001-438-682-4727x2988,Expat,29,employed,2,12299.57,6126.54,5,1,government,352018.91,64371.13,287647.77999999997,592,DECLINE
ad646a08-489c-4625-94aa-be836aa0ddc4,Devin Carter,benjaminmurphy@example.com,484-822-5928x448,Emirati,63,self_employed,9,10105.13,8425.02,2,2,owned,483780.62,295972.4,187808.21999999997,655,DECLINE
8bbdd765-a89e-4f2c-916e-5a2a20447d69,Xavier Robinson,phoffman@example.net,(838)387-4561,Expat,53,unemployed,0,763.13,606.85,6,6,rented,60681.23,60294.11,387.1200000000026,442,APPROVE
16bb62ef-2772-4c1d-91bb-32b0dfd405de,Meghan Miller,lisa51@example.com,+1-486-719-8193,Expat,44,part_time,15,3410.99,2450.89,8,4,owned,275823.47,183584.51,92238.95999999996,388,DECLINE
d6021761-372b-4fdc-b11a-aee651101fbf,Michael Smith,danielwashington@example.com,(241)779-6601,Emirati,26,employed,17,14668.56,16170.15,3,1,family,321169.29,134992.35,186176.93999999997,829,DECLINE
83844ad2-f91e-4017-8aa7-be5136f684f2,Morgan Cox,jgregory@example.net,001-830-796-0077x5638,Expat,23,self_employed,16,10313.91,6980.64,1,0,family,259051.07,91237.36,167813.71000000002,465,DECLINE
aa73a29e-a945-41cf-814f-68202a8ef6e1,Kimberly Lynch,amosley@example.com,001-861-415-0663,Emirati,28,part_time,18,2905.17,2651.81,4,4,owned,275420.71,37551.09,237869.62000000002,610,APPROVE
4d58904f-e2d6-4f01-8df8-dba8656a2b66,Belinda Bishop,iochoa@example.com,869-294-4991x173,Expat,58,part_time,0,3475.71,3108.98,1,1,rented,14186.74,13638.54,548.1999999999989,571,DECLINE
31de5cf1-8896-4504-a037-8268fda885c3,Cody Cunningham,reginald36@example.net,001-843-527-8015x3992,Expat,44,part_time,5,2448.83,2328.57,5,0,government,402344.08,205497.25,196846.83000000002,604,DECLINE
c76f55fd-2e17-44e6-b683-139a1cc0fb55,Mark Gonzalez,kimberly92@example.net,(395)928-4523x42115,Emirati,38,self_employed,11,4040.23,2038.75,8,6,family,303330.13,93774.75,209555.38,626,DECLINE
34419ccc-e95b-459d-b170-c574c0a64f98,Aaron Jackson,medinakimberly@example.net,001-498-610-5687x8379,Expat,33,unemployed,0,183.78,200.56,8,6,family,224798.01,42263.29,182534.72,351,APPROVE
70ccfd08-bbcf-4980-b8b8-bc4bf5232d5b,Marvin Vasquez,david99@example.com,(978)762-8875x36468,Expat,49,unemployed,0,1400.63,1083.32,6,4,government,360564.21,56950.23,303613.98000000004,463,APPROVE
c7e84856-ec6a-4bd0-8a94-05a18b81df90,Michael Armstrong,scottcook@example.net,628.209.6841x873,Expat,36,employed,15,14342.79,6317.03,2,0,family,252722.23,290005.99,-37283.75999999998,520,DECLINE
6764dfe7-47eb-416f-be97-39921bdd3a15,Timothy Fitzgerald,michaeledwards@example.net,274.400.5700,Emirati,41,employed,18,8171.13,5887.02,2,0,family,441227.87,218252.42,222975.44999999998,712,DECLINE
0ca5e0c0-2dcb-49c3-8cab-8f76c1edd56c,Megan Williams,james15@example.org,+1-563-580-7846,Expat,27,part_time,10,2159.05,1543.99,2,0,rented,225177.19,164957.13,60220.06,421,APPROVE
bd546c74-7f92-4479-b0b7-5a689fe01760,Melvin Kim,qwoodward@example.com,282-822-5317x0663,Emirati,38,unemployed,0,750.12,389.43,7,7,government,22651.68,41110.91,-18459.230000000003,641,APPROVE
67e56e96-a8c0-4156-9f4c-c8875b652155,Gloria Anderson,leslie02@example.net,+1-394-488-3913x79098,Expat,39,part_time,0,2178.86,1699.32,3,2,government,308250.24,252780.58,55469.66,644,DECLINE
e64e2faa-b2d1-4926-a988-cc1bc66776f9,Erin Cuevas,elainevincent@example.org,(440)912-3222x2594,Emirati,64,employed,18,10004.43,11741.76,7,4,government,398377.41,217597.26,180780.14999999997,327,APPROVE
81f44c0d-4c28-443c-a651-78b6598c910d,Beth Brown,bbridges@example.com,950-203-4256x6862,Emirati,19,employed,3,5046.14,2145.9,8,3,rented,314512.62,185920.74,128591.88,689,DECLINE
4288fd8b-7d93-4f2a-b1bb-130e11bfd814,Robert Carter,bradleywilliams@example.net,+1-718-239-0907x72777,Emirati,51,self_employed,1,6187.8,6674.79,6,6,government,206480.05,61167.5,145312.55,813,DECLINE
4557a516-1666-43ee-9578-2b24e36a11d2,Douglas Dean,edgarwright@example.com,396-666-5289,Expat,61,unemployed,0,1497.18,1008.89,6,4,government,239185.49,113047.43,126138.06,477,APPROVE
9b42fd6f-2733-4667-b451-1f6fe8aab542,Lisa Brown,josephleon@example.org,642-583-2631x148,Expat,48,part_time,15,1576.79,1519.9,8,4,family,123259.57,167426.0,-44166.42999999999,530,APPROVE
e858e58a-96ed-4982-9e7f-05f30bb66a6b,Heather Yoder,cpitts@example.org,847-805-9112,Emirati,40,part_time,9,1863.37,1178.32,5,1,family,286738.4,162957.26,123781.14000000001,704,DECLINE
789fddba-d70f-4fd5-86c8-53b7b4b829c6,Joshua Moore,whitneyvilla@example.net,958-879-8061x295,Emirati,33,self_employed,18,9473.38,4617.15,5,1,family,106993.4,248385.51,-141392.11000000002,577,DECLINE
078d353d-5e82-4a2c-9bc0-6707d0780d0c,Monica Braun,danahernandez@example.net,(207)809-4877,Emirati,44,employed,17,10655.33,4306.3,4,1,owned,26245.55,123990.41,-97744.86,783,DECLINE
8e64c506-bdeb-4c2e-84af-ffe0394dd397,Rebecca Cooper,fgonzales@example.net,(553)955-0940,Emirati,29,self_employed,7,8505.39,7840.6,8,1,owned,377955.53,86173.51,291782.02,592,DECLINE
067661ee-cde9-44d8-8cb8-421c68eb856e,Timothy Alexander,wfuller@example.net,+1-860-790-7930x4810,Expat,54,self_employed,0,11339.23,12488.97,3,2,rented,18169.92,250860.96,-232691.03999999998,807,DECLINE
2e3111e3-3081-4390-b846-6e6a21ddb1f0,Rhonda Soto,troybass@example.org,(482)504-8618x50493,Emirati,25,employed,8,6414.74,5153.41,6,6,rented,494549.74,162990.15,331559.58999999997,805,DECLINE
74964750-7262-4724-bde9-c2552453d722,Andrea Torres,jose52@example.org,(626)922-7286x767,Emirati,57,part_time,6,3193.36,2727.85,3,2,family,324142.67,215579.45,108563.21999999997,314,DECLINE
fbbacd18-19b2-4263-a83f-7c12d4291b29,Oscar Brown,amandakerr@example.com,3428020759,Emirati,34,self_employed,7,7152.81,4712.85,7,7,rented,43368.88,200776.76,-157407.88,489,APPROVE
03bfa057-ade7-48ed-8090-cd2a4a8e89f3,Patricia Hester,clong@example.com,214-342-2548,Emirati,47,self_employed,1,6467.36,6171.25,4,2,family,133497.16,98887.59,34609.57000000001,311,DECLINE
50d25228-249e-44da-a298-d2f025bacb54,Kylie Chapman,vevans@example.org,835.286.1387x74156,Emirati,26,part_time,7,2216.25,1538.16,3,2,owned,251260.24,268535.51,-17275.27000000002,618,DECLINE
1481a670-ce08-4be4-86d2-23ab8cd8c62b,Denise Pierce,robertrodriguez@example.com,2957403287,Emirati,51,self_employed,19,6549.79,6184.79,3,1,rented,494418.98,112087.45,382331.52999999997,782,DECLINE
b717651e-58a0-4072-9c49-c846ed85b4ed,Mark Mclaughlin,linda72@example.com,955-658-2291,Expat,51,self_employed,5,2781.03,2306.39,6,4,rented,282084.36,18527.41,263556.95,817,APPROVE
c894023b-cf98-475b-a01f-2ca058914e88,Troy Thompson,jnorris@example.org,+1-297-321-0680x75057,Expat,47,self_employed,16,8802.95,6714.41,2,0,government,358458.98,146648.39,211810.58999999997,822,DECLINE
9f035bab-4fe7-472d-af54-dd21acb6f6da,Andrew Brooks,jamestony@example.com,+1-302-936-5625x49590,Expat,40,employed,1,11073.21,9552.29,8,3,owned,154084.78,6531.14,147553.63999999998,560,DECLINE
704526df-05b3-46dd-8514-2c0571bcbafe,Maria Campbell,bzimmerman@example.net,978-888-5961x301,Expat,41,employed,4,14214.99,7732.74,1,1,family,34509.57,280132.67,-245623.09999999998,332,DECLINE
b4a18367-b535-46c4-a84b-64750d728eec,David Chandler,jillianrush@example.net,+1-518-381-3509x261,Expat,51,self_employed,17,10696.2,5805.67,8,1,family,453383.66,112693.66,340690.0,436,DECLINE
9b542ade-9ce6-4694-a994-cfba2128285e,Laura Shea,vlynch@example.net,5515592395,Emirati,33,unemployed,0,1252.23,880.85,4,4,government,378089.71,293547.2,84542.51000000001,774,APPROVE
8087f05b-4af0-4cff-8eef-fefcd9017bd4,Jennifer Lozano,heather89@example.net,(686)737-4513,Emirati,33,self_employed,19,3551.21,3296.08,6,6,owned,94240.23,262562.45,-168322.22000000003,415,APPROVE
a2f88aaa-f568-427a-80fb-e2992f79b92b,Carolyn Phillips,zacharybowers@example.net,+1-483-386-1022x3296,Expat,32,unemployed,0,151.35,65.9,2,2,rented,16788.14,179335.47,-162547.33000000002,349,APPROVE
7b2b7050-9f55-42e7-a51b-947319aae31e,Dr. Christopher Clark MD,vmitchell@example.com,(304)723-8770x517,Emirati,60,unemployed,0,210.2,134.82,1,0,family,496741.72,70248.46,426493.25999999995,626,APPROVE
351da47e-83b7-40ec-9d78-212a27e925c1,William Silva,phamadam@example.com,535-494-0216x8111,Expat,59,unemployed,0,450.75,197.21,7,7,government,30478.82,284556.08,-254077.26,479,APPROVE
e6ac0647-1b2e-4406-9fbc-01046a3f2362,Chelsea Aguilar,alison98@example.net,550-706-9703x99308,Emirati,47,self_employed,9,8963.08,9675.4,6,1,government,204129.59,89966.55,114163.04,488,APPROVE
c03744ae-145d-4573-bd0b-7425c17aef4e,Beverly Evans,jwalter@example.com,(826)405-8654,Expat,41,employed,2,14613.43,9706.39,7,3,family,278643.38,40227.83,238415.55,548,DECLINE
d5a53c78-873a-460e-b94e-277bc91e08de,Tyler Davis,alexanderbrooke@example.org,699.594.1283,Emirati,48,employed,18,3618.44,3776.64,4,1,owned,188583.99,181490.83,7093.1600000000035,340,APPROVE
f77ca195-ef84-4330-8c09-26e664e700f6,Ashlee Hardy,nguyenkaren@example.com,(455)525-1842,Expat,33,unemployed,0,454.78,545.58,6,5,owned,454497.08,63542.33,390954.75,494,APPROVE
9d8bfbc9-5803-4820-9016-7cd89bdf451b,Anthony Butler,qjohnson@example.com,+1-259-590-7624,Expat,50,unemployed,0,1372.69,887.77,7,5,government,276039.65,232654.16,43385.49000000002,689,APPROVE
8031d02e-fdf5-4a16-8220-2f51450d1475,Christopher Riddle DDS,nathan31@example.net,4549518963,Emirati,65,self_employed,1,2986.08,1941.96,8,5,rented,490659.23,140847.13,349812.1,627,APPROVE
3be8d121-1db9-4039-808d-010acf03c402,Karen Thomas,burtonbrett@example.org,001-972-310-9389,Emirati,42,unemployed,0,391.16,217.86,1,0,family,467379.13,173742.88,293636.25,727,APPROVE
6565365d-2df6-4172-85fc-3aa1aeff49fb,Corey Lindsey,erika15@example.com,(488)889-5224x8180,Expat,28,unemployed,0,825.96,441.55,8,7,government,471732.27,101269.29,370462.98000000004,800,APPROVE
c49113ea-0e74-4d36-ab83-63557a3a598d,Timothy Chen,vsmith@example.org,265.277.2722x51508,Emirati,18,unemployed,0,276.07,319.18,8,1,owned,444682.26,297097.06,147585.2,360,APPROVE
6c4c896f-3cf8-4518-99f3-6c863c554274,Jane Martinez,scrawford@example.net,(510)819-2392x39114,Expat,60,self_employed,19,10425.45,7282.81,3,3,rented,115716.7,212150.87,-96434.17,309,APPROVE
f10c8689-c4fc-42c4-b364-1ab45da8edf8,Chad Garcia,allenjennifer@example.com,634-789-5264,Emirati,24,self_employed,13,2066.12,854.78,1,1,family,275821.78,3555.29,272266.49000000005,842,DECLINE
2c3cd592-7331-4e7d-a7ad-3f6e9ce77398,Lauren Bowman,nicholstyler@example.net,379.647.0762,Expat,54,employed,12,5891.63,2729.09,3,3,family,309890.42,75725.46,234164.95999999996,662,DECLINE
3465ea98-cb54-440d-8cf7-b6642d9e9781,Katie Stanley,kphillips@example.net,+1-634-820-8882,Expat,21,unemployed,0,449.96,316.51,4,3,owned,414031.04,24185.08,389845.95999999996,332,APPROVE
7eaf9bb7-42c5-48fe-b5fe-b2235ae880c4,Louis Parker,glennhoward@example.net,577.977.3145x4798,Expat,35,employed,18,3992.23,2330.72,3,0,owned,422664.9,193472.17,229192.73,639,DECLINE
b7ce345a-390e-4851-adbc-868ab557e689,Christina Solomon,ryan30@example.com,408.406.7915,Emirati,63,employed,6,11213.14,4625.72,2,1,rented,140186.51,162909.21,-22722.699999999983,333,DECLINE
b2ccf3d5-3b6d-47ca-87c3-e30cc5c30530,Troy Morris,cory94@example.com,001-689-287-5472,Emirati,50,self_employed,4,4992.77,5015.17,2,1,family,281979.1,170008.78,111970.31999999998,698,DECLINE
b6913851-d420-4044-9e0d-54c3d7ae7604,Rebecca Valdez,cookeleslie@example.com,638.254.4899x868,Expat,32,part_time,14,1293.06,1173.19,1,0,family,116072.0,22805.47,93266.53,706,DECLINE
5f89719c-8e04-4023-a2f2-68f4998bd5bd,Robert Cohen,sara36@example.com,+1-957-813-8892x6538,Expat,27,part_time,2,2295.54,2227.79,7,3,family,339847.43,198201.57,141645.86,387,APPROVE
962445f4-42ed-4999-aaad-86424557a917,Charlene Taylor,josephgonzalez@example.org,(600)221-4768x0854,Emirati,26,self_employed,8,9396.55,6464.21,3,3,family,158339.11,31965.28,126373.82999999999,305,DECLINE
da705152-0a4f-45e9-820b-baafce637ab4,Kristina Jones,michellehammond@example.net,282.372.2988x625,Expat,42,employed,2,8171.75,5582.38,3,0,owned,278492.52,153732.25,124760.27000000002,405,DECLINE
0b09663c-0658-473a-9a8e-e00169685bec,William Pearson,robert50@example.com,974-855-7359x4394,Expat,37,employed,4,7965.72,5612.53,5,5,rented,389584.55,217453.15,172131.4,548,DECLINE
ea1a11c4-0765-4993-8d56-0d5eeadfd3af,Susan Conner,wayne08@example.com,+1-742-377-9238x443,Expat,56,part_time,7,1437.8,990.5,8,1,government,83603.7,82788.56,815.1399999999994,606,APPROVE
9a226ad4-1ab5-42f0-960a-4adeaf61b79f,Craig Hamilton MD,amandaleonard@example.com,938.617.5489x68938,Expat,59,unemployed,0,160.46,120.69,8,5,government,152329.0,284647.04,-132318.03999999998,640,APPROVE
f95c3257-9674-43e3-84ad-0c07690b7137,Bianca Jones,terrykyle@example.org,(448)932-2868x08572,Expat,65,unemployed,0,481.0,565.17,5,3,rented,473639.46,60255.45,413384.01,621,APPROVE
f29d9645-ec30-4fbc-bd2f-794b3e8a767c,Aaron Johnson,fergusonbarry@example.com,3318356883,Emirati,61,self_employed,17,5258.86,2944.12,4,4,owned,140150.07,235759.96,-95609.88999999998,673,DECLINE
33ae0836-dfcf-4cfc-9d32-af0956ca2d11,Mr. Tommy Mcgee,michelle15@example.com,001-785-202-2914,Emirati,34,employed,9,14315.7,7320.24,8,7,government,104824.2,239305.66,-134481.46000000002,370,APPROVE
35a72bb7-3aa7-4a5e-a400-a795ef84366f,Kimberly Henry,clarkevictoria@example.com,001-560-812-2696x1594,Expat,62,unemployed,0,1183.62,988.22,7,6,government,36982.57,297210.18,-260227.61,790,APPROVE
fd946e1b-e8a2-4aa3-9544-3d667e14c694,Katherine Jordan,schroederdaniel@example.com,737-585-7657x20534,Emirati,18,employed,13,12227.45,14337.58,2,1,government,328800.82,106502.65,222298.17,345,DECLINE
d188b7a6-a7b4-47a0-b311-183ee4303580,Kimberly Ball,samantha73@example.com,939.660.1784x94337,Emirati,40,employed,18,5664.01,4037.91,5,2,government,373426.51,167398.02,206028.49000000002,526,DECLINE
74c3e1e4-0e40-4ec8-a341-9d17788334f9,Mary Wilcox,smithwhitney@example.net,001-750-546-4633x250,Emirati,51,employed,14,4254.59,2763.41,8,5,rented,207987.71,288518.36,-80530.65,418,APPROVE
42d7fcbe-d68d-4b91-90c2-9f0ea9eab124,Heather Gutierrez,emily94@example.org,001-879-885-4333x007,Emirati,39,self_employed,3,6761.63,2946.36,6,2,owned,219082.97,209028.98,10053.98999999999,626,DECLINE
839ca90a-f0d5-460a-8d84-a6b49d07cf4f,Justin Watts,kanthony@example.com,001-202-724-6238x866,Expat,58,employed,7,14159.07,16520.38,3,3,family,370244.74,154798.17,215446.56999999998,463,DECLINE
05feb870-1305-403d-8044-661a71153249,Anthony Moreno,fordemily@example.net,001-992-759-2020x86684,Emirati,31,unemployed,0,960.72,683.14,3,3,government,216067.23,8757.68,207309.55000000002,502,APPROVE
c66caec8-9903-4c87-b229-ff2d211acec8,Melanie Bond,kyle81@example.com,6784935119,Expat,51,part_time,8,2732.04,2092.85,2,0,family,399751.18,161066.7,238684.47999999998,674,DECLINE
6f1db4aa-5b16-461e-ac25-6257c717a6ca,Melissa Hernandez,lisa74@example.org,455.786.2270x7267,Emirati,61,part_time,18,2833.93,3216.36,7,4,rented,293502.36,104377.39,189124.96999999997,768,APPROVE
8f81921b-3c75-4ff5-adfd-0e1e19c87a19,Charles Schwartz,james25@example.com,618.571.6634x272,Expat,45,unemployed,0,176.79,155.07,6,3,government,152690.0,54913.36,97776.64,444,APPROVE
2200388b-9366-4074-96e9-16dd149d694a,Lynn Logan,richard90@example.org,001-884-666-9699,Emirati,38,unemployed,0,953.25,601.57,8,7,rented,346716.46,193578.03,153138.43000000002,477,APPROVE
465aba91-b636-49f3-a8f7-71299e96c78c,Zachary Cisneros,nicholasallen@example.net,741-875-3450,Expat,63,self_employed,15,10655.22,7749.62,1,1,government,475920.98,145382.68,330538.3,499,DECLINE
92ccca2d-71ca-4d46-a075-3fc0518d75c8,Kevin Lopez,mandysmith@example.com,501-584-8218x49055,Expat,28,self_employed,17,3672.53,2276.54,8,0,family,282698.9,238764.27,43934.630000000034,525,DECLINE
1a75f087-cedc-48ae-aa37-b723d066e1a7,Jennifer Scott,dellis@example.net,613.661.6183x49081,Emirati,65,self_employed,13,7497.26,6275.83,8,7,owned,56605.5,34262.0,22343.5,675,DECLINE
a0ba696c-daac-4900-a108-0b62588268eb,Kenneth Kim,troberts@example.net,+1-924-971-9427,Emirati,31,unemployed,0,1312.21,1339.12,5,0,government,16115.2,78844.57,-62729.37000000001,389,APPROVE
cc85aa4c-8478-4920-9334-5bcfcd94a127,Sarah Downs,angie41@example.com,272-242-7890x649,Emirati,38,part_time,19,1497.94,1237.04,7,5,owned,69617.48,61985.9,7631.5799999999945,511,APPROVE
ad954939-5b2e-4eb1-bfcb-e9a651af0401,Elizabeth York,yberger@example.com,712-718-6970,Emirati,62,part_time,8,2718.21,3085.21,5,3,rented,476198.67,154324.5,321874.17,397,APPROVE
9e9a8907-b50b-43d2-ae34-df0ca7304044,Brian Thompson,shawnmurphy@example.net,(769)604-7022,Expat,58,unemployed,0,219.37,189.08,4,1,government,161048.36,74266.42,86781.93999999999,702,APPROVE
d79f8cc3-10f9-4994-a928-08011c07b092,Taylor Lee,uhopkins@example.com,+1-647-381-6498x8118,Expat,49,self_employed,11,6519.92,6231.5,7,4,government,316813.88,264037.52,52776.359999999986,395,DECLINE
9718fe64-9eb0-4515-b150-033ef8e4a3ad,Julie Burgess MD,kyleharvey@example.org,+1-802-703-6776x524,Emirati,45,part_time,12,3606.72,3738.52,1,0,family,423583.66,27942.5,395641.16,769,DECLINE
e6cd9f3f-2cbe-4741-8573-e64c625f8454,Erin Cook,jonathanclark@example.org,489.231.2751,Emirati,20,unemployed,0,402.81,449.26,8,5,government,414171.81,101326.55,312845.26,433,APPROVE
f232d7b7-be1d-4b27-ae4b-d3cc3ba984dd,Bethany Aguirre,morristracy@example.org,578.725.8665,Expat,28,employed,4,3195.38,1795.34,8,6,owned,464716.44,47395.05,417321.39,767,DECLINE
5fe5af12-f2d5-4713-b23e-917d6fee2bde,Ann Lopez,vweiss@example.com,(499)936-9589x090,Expat,59,part_time,7,2963.76,2668.82,2,1,owned,125194.64,111553.13,13641.509999999995,469,DECLINE
8e8b7ef8-915e-4850-b317-e9e39709e59b,Kimberly Wilson,harringtonamy@example.com,001-246-971-9191x5421,Emirati,45,employed,10,3013.04,1224.65,2,0,government,238403.35,39809.94,198593.41,531,DECLINE
ba5c1816-cd6a-429a-b21f-aa9507fd60a9,Pam Tate,nsanchez@example.com,(699)270-4109,Expat,26,unemployed,0,106.24,73.74,8,5,owned,191534.96,219229.01,-27694.050000000017,404,APPROVE
b6dd48aa-ff83-4ab2-89b1-82ba88e62024,Kimberly Sampson,joseph74@example.com,+1-461-886-5225,Emirati,44,self_employed,6,8415.76,5730.71,3,3,rented,338568.54,20523.48,318045.06,308,DECLINE
adeb083f-14e2-4778-a70e-2ba0b25bac47,Bonnie Wilson,jesus82@example.org,001-308-350-3622,Emirati,35,self_employed,4,2866.88,1868.07,4,3,family,50232.56,225733.69,-175501.13,693,APPROVE
1d466177-1299-4b0a-8083-a2e5090fed0a,Alyssa Martinez,ssilva@example.org,461-258-4249,Emirati,65,employed,16,9640.76,7849.5,4,1,family,300003.93,182277.93,117726.0,327,DECLINE
cf09bb34-f2b5-466c-aaba-7b1cbdcb5254,Richard Delacruz,sharon15@example.net,851-265-3393x48026,Emirati,51,self_employed,15,8461.7,4147.88,5,3,government,391900.8,238133.41,153767.38999999998,545,DECLINE
2a8fbc60-5fd0-4657-9dc9-587cee51dcce,Nathan Kelly,pamelataylor@example.org,+1-419-321-0841x56094,Emirati,19,employed,15,14207.09,13444.93,6,4,family,65991.44,258244.2,-192252.76,730,DECLINE
ef770b07-66b9-4ba0-b576-70ae62a5263a,Martin Mosley,shannonflores@example.net,466.812.4424x52878,Emirati,58,employed,12,6146.22,4541.2,1,1,family,19913.43,18140.66,1772.7700000000004,707,DECLINE
e3748a4f-e489-4975-bbc8-38a47795d762,Christopher Mendoza,michelle47@example.net,728-201-0583,Emirati,37,unemployed,0,125.4,108.99,5,3,family,39510.78,276277.46,-236766.68000000002,459,APPROVE
5e57e7a1-2bae-4691-97af-d1cd3270543d,Jose Smith,myersalexandra@example.net,(404)941-6943,Emirati,18,self_employed,5,2579.06,2405.91,4,2,owned,43106.4,130345.08,-87238.68,764,APPROVE
6deb1583-ec4f-4f47-a50b-a28bd1430608,Samantha Riley DVM,kathyclark@example.com,660.882.4450,Expat,64,unemployed,0,245.75,123.25,1,1,rented,476508.1,156901.61,319606.49,565,APPROVE
d621470d-8d04-4a60-afd6-123d229822cc,Rebecca Stewart,loganrodriguez@example.org,(468)867-3801x60126,Emirati,49,employed,11,7020.13,5364.49,1,1,owned,214662.28,157156.26,57506.01999999999,569,DECLINE
37cfba62-b4ff-41c2-a96e-7f438157cd34,Charlotte Ramirez,mary31@example.com,+1-382-986-8125x895,Emirati,18,unemployed,0,235.96,190.43,6,5,rented,386664.48,268280.53,118383.94999999995,418,APPROVE
cc6eb297-fb4e-4bb3-a78b-13d67aac60a7,Tina Lee,becky79@example.org,+1-852-671-9831x987,Expat,64,unemployed,0,707.65,465.24,1,0,government,191489.74,45025.4,146464.34,336,APPROVE
6cac765b-7571-4ff4-a1dd-a295e651e791,Nicole Malone,xyoung@example.net,9567531062,Expat,22,part_time,1,3477.99,3629.18,5,1,rented,285767.98,35820.28,249947.69999999998,353,APPROVE
6c164622-24c3-416d-992a-ac676fa15f1c,Steven Smith,alisonjarvis@example.com,694.208.7187,Expat,65,self_employed,18,9735.27,5456.98,5,2,owned,155348.89,25915.66,129433.23000000001,767,DECLINE
af2c618a-ee91-41f2-82f3-ee55e0c1a744,James Lopez,brittany04@example.net,697-790-0625x6991,Expat,19,unemployed,0,552.41,223.78,8,2,rented,485928.87,299336.13,186592.74,500,APPROVE
6d80f1c6-2f38-4e75-99b9-1c765e0270c4,Donald Brooks,jasonreyes@example.org,8169978208,Expat,24,unemployed,0,953.91,883.17,6,6,owned,346730.4,2878.45,343851.95,643,APPROVE
4dfa160a-8541-48b3-8edb-9475a41a2c6d,Daniel Ruiz,chenkim@example.com,3905031977,Emirati,51,unemployed,0,629.72,274.0,4,0,family,480592.53,291767.77,188824.76,445,APPROVE
4d4808e7-0b49-4ed8-a2d0-d09473223a7c,Randy Potter,agriffin@example.net,9044326485,Emirati,45,self_employed,2,6584.58,6953.12,6,5,rented,373949.7,174231.19,199718.51,817,APPROVE
5d3339d2-e845-45e3-ba57-8235a6a332ea,Alexander Anderson,nrussell@example.com,235.782.5450x95152,Emirati,22,unemployed,0,437.51,333.47,4,2,family,425456.85,277812.59,147644.25999999995,702,APPROVE
9e7d7fbd-abd3-416c-a214-7697177868b6,Sandra Gill,blackbarry@example.org,(384)718-4657x75010,Emirati,52,unemployed,0,1169.91,761.88,3,3,government,292354.02,46623.17,245730.85000000003,468,APPROVE
c49effab-438f-4d1b-a1d8-325cc31359f1,Jared Lewis,heatherpotts@example.net,(882)540-2246x80688,Emirati,31,part_time,19,2355.75,2499.71,4,2,rented,231673.3,255744.66,-24071.360000000015,392,APPROVE
5c7b9475-1d37-4b2d-a5ed-dd8c6b3471ab,Elizabeth Young,ywilson@example.net,318.709.4438x491,Emirati,43,part_time,5,1273.64,774.54,3,2,owned,124109.39,106722.83,17386.559999999998,825,DECLINE
7332f6ed-3476-4685-a5a9-aecf1123c41f,Angelica Gomez,atyler@example.org,566-633-1088,Emirati,30,self_employed,7,2947.25,3136.75,4,0,owned,50953.67,238142.92,-187189.25,424,APPROVE
db635b6d-c7ce-4855-9e6b-801a06d126da,Jeffrey Robles,john63@example.com,001-204-210-0029,Expat,26,self_employed,6,8862.85,10615.29,6,0,owned,468787.45,25211.83,443575.62,565,DECLINE
e901406b-84ef-49da-84d4-cca63001f0f8,Keith Reed,kathleen16@example.org,316-807-8926x431,Emirati,40,employed,13,4470.33,1893.57,6,3,government,471140.33,15191.31,455949.02,743,DECLINE
20a31154-05b7-4a60-80e3-123d05cfe394,Matthew Bowen,omorgan@example.com,746.676.3673,Expat,21,unemployed,0,412.47,300.94,3,3,family,223005.72,44589.42,178416.3,551,APPROVE
9fdd8af6-222a-479b-8fb5-064a14641a6d,Lisa Conley,laurawallace@example.org,001-320-995-5680x6800,Emirati,42,employed,17,7596.18,9079.48,5,5,rented,209617.41,192795.76,16821.649999999994,838,APPROVE
fe710491-6ce6-487f-b83a-f44067e96307,Mark Avila,aflowers@example.net,(534)563-0133x648,Expat,56,part_time,0,2633.55,1623.18,8,6,family,242339.74,273803.1,-31463.359999999986,814,APPROVE
1ab92c2e-543c-419f-9fb4-f47d18c99317,Ashley Ward,sswanson@example.org,+1-999-706-8848x77200,Emirati,33,unemployed,0,1343.65,1584.41,1,0,family,389269.14,17577.37,371691.77,783,APPROVE
6753a893-2b60-48b7-9b03-daca99d77360,Joshua Henry,scottdavis@example.net,443-728-1229,Emirati,29,unemployed,0,800.53,919.14,5,2,government,395618.61,221118.04,174500.56999999998,524,APPROVE
8dac5454-a170-4f5b-bc3e-290ba75d4bf7,Emily Gilbert,loriblack@example.com,001-894-814-8908,Emirati,49,unemployed,0,1209.32,1028.99,6,4,family,348813.28,274194.0,74619.28000000003,328,APPROVE
53e0433b-124b-4f43-8f60-79b29b86a424,James Key,amycurry@example.org,667-834-3600,Emirati,26,part_time,19,2471.31,989.88,3,3,owned,45128.69,69787.01,-24658.319999999992,524,APPROVE
43a56517-0d7b-4992-ba39-1066c0aee2cf,Erin Ortega,stephanieshields@example.net,9358283915,Expat,22,part_time,16,3756.34,3829.56,3,1,rented,422142.04,97076.64,325065.39999999997,322,DECLINE
25c8e6e8-d2cb-406f-bfbb-fb8e029b51ff,Haley Baker,jennifer82@example.net,(929)737-3364x54721,Expat,32,part_time,5,2758.05,2535.6,7,7,government,168280.54,96780.96,71499.58,461,APPROVE
3df75c0d-d466-4eda-ae86-a753567219ce,Mark Ford,dorothycooley@example.net,4235944510,Expat,57,unemployed,0,460.23,251.13,7,0,government,344249.22,38204.51,306044.70999999996,301,APPROVE
d52ba8a6-5b05-4522-8071-c17c39191e98,Antonio Ball,mclaughlinchristopher@example.net,001-458-818-8284x1214,Emirati,63,unemployed,0,1405.03,750.72,2,1,family,70321.68,223603.0,-153281.32,543,APPROVE
f2d01625-8b6b-41fa-b26d-113baf491ed7,Edward Keller,adam35@example.org,816-757-2925x0771,Expat,46,part_time,1,1034.19,1009.71,8,1,family,104842.14,207952.82,-103110.68000000001,658,APPROVE
5dbac97f-dc44-4e14-8667-8621d22e785b,Richard Stevenson,candice34@example.net,(372)618-3808,Emirati,28,self_employed,18,10845.52,11181.56,3,3,owned,246541.0,113613.77,132927.22999999998,684,DECLINE
e9857c97-c523-415f-b78d-da22a663316b,Daniel Dunn,valerie74@example.org,681.326.9242,Emirati,64,self_employed,12,9991.95,6729.04,2,0,owned,16706.39,6023.4,10682.99,567,DECLINE
fb9c9969-600a-4d37-84f0-0640544ef9ba,Cindy Morris,susan96@example.com,001-531-768-1878x082,Emirati,21,employed,13,7055.41,3753.46,2,2,government,492638.05,267967.85,224670.2,331,DECLINE
c86c5c36-d721-4945-9857-f58a9d30924d,Melissa Harris,moranpaul@example.net,(577)993-8727x16514,Expat,54,employed,1,5466.61,3225.51,6,2,family,94992.13,209159.01,-114166.88,571,DECLINE
4fadfafb-bb3f-4ca0-9091-7c3ea6358814,Jean Colon,charles99@example.com,001-919-847-0956x7245,Expat,23,self_employed,5,2545.05,1070.42,3,0,rented,1907.79,26288.51,-24380.719999999998,791,APPROVE
d2b687c1-56f9-4a44-b021-14c9257f0c57,Jessica Wilson,mitchellpamela@example.org,+1-462-606-4117x755,Expat,42,self_employed,5,5083.53,4246.28,2,2,owned,198733.67,146729.04,52004.630000000005,571,DECLINE
981343d1-5484-4919-a679-c4196921c545,Tina Thompson,loganwells@example.org,582.804.4714,Emirati,60,part_time,3,2337.33,1217.53,3,0,family,131647.98,139517.39,-7869.4100000000035,531,DECLINE
b66dac54-3398-4616-ba74-af79d1e162d0,Amanda Wallace,pwells@example.org,(216)745-3795,Expat,37,part_time,7,3912.12,3357.27,7,7,government,294863.22,166080.57,128782.64999999997,696,DECLINE
181df736-077d-4562-b035-0b45d74a9036,Lisa Murray,jennifer75@example.com,432-379-2740,Emirati,28,employed,14,13833.33,16038.42,7,1,rented,357152.85,150630.44,206522.40999999997,829,DECLINE
f96c3fc7-ba13-47aa-b45e-27408d5d8c4b,Robert Jones,josemedina@example.net,(646)742-7629,Expat,38,unemployed,0,189.28,202.02,4,1,rented,211687.45,296483.98,-84796.52999999997,745,APPROVE
426530ee-e7f4-4209-b6b5-957ff35b7e32,Michael Oneill,nhughes@example.com,440.646.4020x9918,Expat,25,employed,19,7657.19,7881.09,2,0,government,198677.5,97838.04,100839.46,582,DECLINE
3660ddac-3f72-4063-a201-46fc8b2fd9b2,Hector Anderson,paulroach@example.org,773.752.5609x339,Expat,44,self_employed,17,3482.0,3581.57,3,0,owned,293967.07,227513.22,66453.85,402,DECLINE
25b839a3-4a60-4abb-91fa-d2b106504383,Thomas Griffin,fgonzalez@example.com,(825)714-0658x63379,Expat,20,part_time,19,2964.36,1526.89,7,6,family,286011.62,141913.98,144097.63999999998,476,APPROVE
47ca4f3c-36ec-4359-98e1-d13d17222b15,Gary Cox,darrenfisher@example.org,+1-834-445-8824x861,Expat,35,self_employed,9,8905.14,5969.05,6,0,family,24645.49,142565.46,-117919.96999999999,575,DECLINE
5c708898-ef7f-4956-ae0a-2f4a9f73b447,Brad Cox,brenda46@example.com,+1-963-438-2499x799,Emirati,30,self_employed,19,11724.97,11526.11,2,1,family,113978.71,90144.13,23834.58,753,DECLINE
aad3a99e-672f-4fa6-8d8e-cccbea4e429a,Lisa Scott,gregoryrubio@example.org,+1-506-649-8693,Emirati,37,self_employed,5,11134.33,9043.48,4,0,family,203585.18,145338.1,58247.07999999999,828,DECLINE
a3755dd8-09e9-4273-b05e-178b84eb38ff,Daniel Saunders,qgarza@example.org,9003517456,Emirati,47,self_employed,7,9805.16,10487.42,3,1,rented,262143.11,170601.69,91541.41999999998,477,DECLINE
72091779-6996-44a2-8153-64182126105d,Jason Perez Jr.,susanfrancis@example.net,001-685-602-1073x983,Emirati,41,employed,0,11455.61,13041.74,6,5,government,136988.75,247051.89,-110063.14000000001,817,APPROVE
4c5ec1f4-1ded-4663-89b5-15a1bab88b3d,Gary Brown,mathewdavis@example.net,509-412-0853x4492,Emirati,36,self_employed,8,3775.84,4040.61,8,2,family,435240.39,176064.07,259176.32,658,DECLINE
b5e6b9ff-0b7c-4e3f-9740-77b6cc1effa7,Felicia Gonzalez,nchapman@example.org,319.325.1082,Expat,50,employed,8,3595.81,3387.81,7,3,rented,426910.66,233949.04,192961.61999999997,519,DECLINE
50233e8f-27b1-4bd6-a7f6-5eb003149081,Gary Jennings,sherimiller@example.org,807-504-2476,Expat,45,employed,9,8689.17,7704.47,1,1,rented,66157.05,51960.2,14196.850000000006,308,DECLINE
f6cfd7bb-a94b-4e38-910f-30921bd9937a,Brandy Cook DDS,ericajohnson@example.net,+1-923-525-5392x7680,Expat,53,self_employed,16,6589.98,3175.38,6,4,government,109104.53,90643.53,18461.0,833,DECLINE
d9da0232-e24c-4dc9-ad98-e72bab186429,Jason Adams,garrettbarnes@example.com,001-631-937-3069x02323,Expat,30,part_time,20,3053.24,1859.17,5,2,family,240869.21,100885.1,139984.11,583,DECLINE
e0bfdcaa-8367-46f8-b026-6ea3d98c5245,Brenda Barnes,neil08@example.com,+1-576-780-2850x33036,Expat,36,unemployed,0,1349.53,1318.53,4,1,family,402714.91,240709.12,162005.78999999998,713,APPROVE
4f78ed13-9244-4dd6-92d1-be5e6c3b7c7f,Tony Joseph,castrojose@example.com,(313)930-0097x196,Expat,60,part_time,20,2213.8,2101.02,7,3,family,368366.05,174907.11,193458.94,494,APPROVE
5495bc4b-6978-4af6-b410-51404f7a2bf7,Tiffany Freeman,david33@example.org,376.802.6339,Emirati,61,part_time,8,3536.26,2746.35,5,0,family,420319.35,262948.44,157370.90999999997,485,DECLINE
1e0ecfac-bf76-4500-a26b-28a5ea02265c,Kyle Orozco,jerrysutton@example.net,001-895-664-9136,Expat,25,part_time,9,1666.76,1014.14,2,1,family,111663.96,261429.67,-149765.71000000002,730,DECLINE
8451acd6-858f-41c2-92e5-db749454118a,Joshua Watkins,georgehenry@example.com,972-212-6567,Expat,44,self_employed,12,10663.93,8535.22,1,0,government,291787.31,283290.3,8497.01000000001,372,DECLINE
339707ee-75fd-48b8-a1a5-c7d1933d3156,Michael Wright,bautistarenee@example.com,210.302.1501x17163,Emirati,49,employed,5,4648.38,5066.34,3,2,rented,100148.3,122757.55,-22609.25,768,DECLINE
d15da7f6-5f85-43a2-a5d5-03527ef461c8,Christopher Williams,beckerjanet@example.org,+1-655-662-9712x08231,Emirati,57,part_time,2,1940.24,1536.01,3,1,rented,29006.79,135615.97,-106609.18,514,APPROVE
226aba73-886a-4351-8b32-a2b3348ffbde,Mr. Paul Foster,peter98@example.org,426.231.3428,Emirati,19,self_employed,10,6033.93,6999.69,7,5,rented,482663.92,114994.93,367668.99,338,APPROVE
a3391a82-38fe-4828-b42e-48383fc7d3e9,Emily Carrillo,zgonzalez@example.com,(393)488-4518,Emirati,20,employed,5,5715.19,4977.57,4,4,government,438492.57,93627.68,344864.89,405,DECLINE
088a193c-53c4-496d-97d0-7954019f95b2,Scott Mcconnell,staceyvalentine@example.com,(308)830-8624,Expat,30,part_time,15,2367.78,2834.02,5,2,rented,260144.21,157235.29,102908.91999999998,744,APPROVE
aa863e1a-ccc7-41db-9b4a-144749f70478,Patricia Parker,lewisleonard@example.com,938.367.0534,Emirati,42,unemployed,0,28.69,14.3,7,2,owned,112160.68,295463.86,-183303.18,516,APPROVE
94a85475-69b1-46b9-9875-578d3ad93a10,Felicia Williams,astark@example.net,001-817-978-1811,Emirati,53,part_time,12,2781.77,2040.21,1,0,owned,23980.19,32434.04,-8453.850000000002,320,APPROVE
0bfdf85b-d3a0-40e3-8dec-d280692e3115,Melinda Morton,danieltaylor@example.com,807.981.5526x273,Expat,57,part_time,16,3105.6,2886.13,8,6,family,102747.46,205722.01,-102974.55,309,APPROVE
acd1b0ce-64cd-4da4-9586-987f2e8c661f,Antonio Pham,nicholas72@example.com,001-739-578-6098,Expat,30,unemployed,0,1245.98,1280.63,7,1,family,52457.12,215629.87,-163172.75,420,APPROVE
848496af-9ad0-432c-81c2-799b56a90523,Dana Garrett,ericawatson@example.org,001-682-942-0954x006,Expat,31,unemployed,0,1247.25,538.22,5,1,family,486559.86,107376.55,379183.31,719,APPROVE
6f4abdc8-145f-4fe7-b5b0-d588329716d3,Charles Gonzalez,bryantmackenzie@example.org,+1-630-839-1821,Emirati,64,self_employed,16,4345.05,5038.33,6,1,government,6374.7,26700.85,-20326.149999999998,413,APPROVE
e050cc8d-20bf-42e9-b98e-27deb5a5a71b,Patricia Martin,jacquelinepatterson@example.com,001-867-304-2729x48418,Emirati,36,employed,5,10732.04,5149.74,5,0,government,228375.62,293187.29,-64811.669999999984,570,DECLINE
5a95bc87-794c-441b-bf27-d0ea114dcc0f,Ricky Melendez,qray@example.net,001-215-418-6662,Emirati,39,part_time,20,2277.99,1163.4,6,6,owned,57950.53,255373.77,-197423.24,346,APPROVE
095a5211-99aa-4f53-a767-72a7e3da429c,David Ortega,nicholaslarsen@example.com,(425)365-5181,Expat,35,part_time,12,3865.27,1898.1,8,2,family,134154.7,219920.38,-85765.68,681,DECLINE
56e6117b-03b6-43f9-93ee-d8fc991e5a76,Melvin French,davidrebecca@example.com,842-300-2254x53458,Emirati,44,self_employed,5,9998.99,11851.36,8,0,rented,324423.24,239072.87,85350.37,415,APPROVE
eecd7a3c-3750-4244-b8e6-d6ebb76e0689,Donald Ortiz,timothy49@example.net,343-920-4145,Expat,46,self_employed,3,3812.61,4332.34,8,7,rented,189875.39,107579.67,82295.72000000002,329,APPROVE
eae442fa-e840-4c71-aa14-6ca878454dda,David Sanchez,susanmiller@example.com,(472)329-3828,Emirati,45,employed,16,6139.35,6744.17,2,2,rented,157118.97,211370.45,-54251.48000000001,837,DECLINE
d714c34d-c180-43c2-8d11-006b072127dd,Eddie Fernandez,brookscheryl@example.net,(767)252-2274x459,Expat,49,unemployed,0,518.62,417.21,8,2,owned,338147.78,115462.99,222684.79000000004,355,APPROVE
17b7c2f8-a08d-4780-9c93-0f2c2f4bdc9f,Richard Williams,alipaul@example.com,8303430573,Expat,43,unemployed,0,1127.15,651.68,2,2,owned,160316.91,99268.45,61048.46000000001,584,APPROVE
71946144-8f02-42fb-9c5e-b9ebb4c9011a,Joshua Ibarra,anthonyharper@example.org,800.921.2710x10540,Expat,65,unemployed,0,688.64,340.85,2,1,government,400630.64,134429.58,266201.06000000006,810,APPROVE
633537be-d133-46d7-aeb6-8cdbb5113b81,Bill Kelly,robert13@example.org,(404)776-5345,Expat,39,employed,20,7841.28,6664.04,2,2,family,17915.97,164729.64,-146813.67,393,DECLINE
383cc9f3-970a-4149-a1fe-40f1adab0657,Noah Miller,harrisrobert@example.org,6822768565,Emirati,39,part_time,7,3449.77,1694.59,1,1,family,422158.72,99591.79,322566.93,784,DECLINE
fd132b11-fff7-45a1-ad0b-78e23b8a2675,Nathan Simon,parkslauren@example.org,001-258-798-0816x30463,Emirati,34,part_time,13,2643.07,2794.97,5,1,government,186945.18,31896.67,155048.51,468,APPROVE
94263577-bc70-40ff-a1cd-4ea1ac26b654,Daniel Ayala,edavis@example.net,+1-728-511-6844x9513,Emirati,58,unemployed,0,181.12,182.16,4,0,family,426097.19,64676.85,361420.34,495,APPROVE
501f7037-60fa-4c70-a595-f9c06782e513,Lauren Berg,steven65@example.net,(770)763-2270,Expat,55,employed,17,8488.65,8395.03,8,8,owned,294658.08,151259.27,143398.81000000003,810,DECLINE
e1833eac-9a02-4570-96ad-0325e3379d67,Ernest Olson,earlwilliams@example.org,966-484-1608x039,Expat,56,self_employed,12,8918.18,7163.87,3,2,government,86825.14,244573.25,-157748.11,406,DECLINE
f3ad5c87-be94-426a-a07d-033af95dd5b2,Elizabeth Travis,jonesrebecca@example.org,+1-880-297-9910x839,Expat,62,unemployed,0,596.8,526.39,5,3,rented,171429.4,88252.06,83177.34,436,APPROVE
f7481f68-05f9-46b2-9ec3-487e64b5f07b,Peter Spencer,mford@example.com,(456)896-2340x233,Expat,63,part_time,20,1602.67,1287.13,4,1,rented,312083.79,87173.85,224909.93999999997,653,APPROVE
f49377df-0868-4810-b691-96b5c709e408,Edward Krause,alexis05@example.com,+1-492-524-0095x0363,Emirati,19,employed,0,9747.36,7192.67,6,6,family,291403.14,282802.1,8601.040000000037,727,DECLINE
931b1e08-45cc-4c56-b2a7-cdb92b48c704,Kathy Carrillo,pollardvictoria@example.net,5373579176,Expat,31,self_employed,1,2530.65,1308.71,3,2,family,28302.39,80093.48,-51791.09,464,APPROVE
5d9c6412-715b-4c0e-b958-66bbd7f8a202,Olivia Warner,tracy36@example.com,635.580.5329x606,Emirati,42,employed,9,12768.31,10326.22,6,1,government,51240.0,260410.61,-209170.61,529,DECLINE
4ac9b302-c18d-49ca-8443-a75dfa5b2d44,Benjamin Wall,thomasangela@example.net,001-673-244-1885x79499,Emirati,58,self_employed,14,11567.02,6506.1,7,4,owned,487911.36,93796.19,394115.17,355,DECLINE
cc4b42ca-0220-44de-a634-533fb69c50bf,Dr. Patricia Jefferson,mcdonaldronald@example.org,742.856.4685,Emirati,42,part_time,16,3328.44,3894.21,4,1,owned,482144.91,88253.32,393891.58999999997,481,APPROVE
3b4e9f65-e448-4ece-8930-63ca67255f39,Victoria Jackson,cbenton@example.net,300.885.2877x042,Emirati,27,employed,4,6349.35,4908.46,7,5,owned,132119.8,48278.65,83841.15,561,DECLINE
d38c57fd-ce38-45d8-92a0-74938f52c035,Kevin Miller,cobbcynthia@example.net,6498150404,Emirati,29,part_time,10,3320.98,1522.02,1,1,government,312683.33,252941.99,59741.340000000026,608,DECLINE
a04b58fa-e4a0-4dcc-a399-0f0099488e6a,Denise Gill,lindamartinez@example.net,888.933.0805x076,Emirati,57,employed,9,7991.17,5312.96,3,2,rented,268517.98,27583.67,240934.31,526,DECLINE
019542c5-44b6-45d0-9313-7ae62c0d0a40,Austin Gross,kelliecaldwell@example.org,(424)933-5511,Expat,34,self_employed,3,3147.22,2219.1,1,1,owned,173003.65,72104.36,100899.29,549,DECLINE
3b6a4028-cb2a-41eb-98f0-4071c028e690,Donald Owens,davisjames@example.com,001-467-337-7165x47636,Emirati,38,part_time,20,3734.01,1624.6,1,1,government,411054.53,112487.41,298567.12,820,DECLINE
2c84c11d-784c-4ed3-8bd5-d4f580f6abc2,Michael Sanchez,bruce18@example.com,001-509-690-0195x9277,Expat,24,employed,6,5008.74,4689.52,2,0,owned,478138.1,161392.45,316745.64999999997,307,DECLINE
c5f1bf31-8dec-4f00-95fa-95f3724afbd0,Garrett Francis,uortega@example.org,835.814.1792x42509,Emirati,23,unemployed,0,969.84,944.13,7,7,owned,469875.56,224067.25,245808.31,457,APPROVE
ebd42f88-57fe-4d83-a885-7bedc6a92414,Sean King,karla02@example.com,9605713548,Expat,45,employed,20,5135.91,3648.68,1,1,family,125954.0,21132.63,104821.37,533,DECLINE
b404009b-55c3-4665-b1c1-baa9e4b1e9dd,Eric Garcia,martin94@example.org,+1-548-981-0397x44467,Emirati,36,part_time,16,2168.51,1487.95,1,0,owned,59152.88,1769.68,57383.2,364,DECLINE
36889135-4970-4a5c-80a1-5f6076d274a9,Brian Kirby,nmartin@example.org,861-793-9523x823,Expat,52,part_time,4,1844.55,1525.03,2,0,government,463345.44,114424.07,348921.37,331,DECLINE
b79d6a16-b895-4c19-b1c1-cbbe012ee0e2,Tony Franklin,maureen80@example.net,+1-591-651-5320x61616,Expat,52,part_time,0,1894.17,944.41,3,1,owned,443489.06,289609.62,153879.44,682,DECLINE
62ad6328-5497-46f6-bf48-739dc7a23ebf,Erica Carter,dshannon@example.com,001-720-717-4562,Emirati,29,employed,4,5520.63,5968.72,5,5,government,370715.24,217781.2,152934.03999999998,516,DECLINE
4207405d-78f8-4631-8348-76012069315f,Todd Vincent,rherman@example.org,643.567.6936x50140,Expat,60,unemployed,0,291.49,244.77,5,5,government,90678.99,239898.02,-149219.02999999997,355,APPROVE
dba8f10e-e916-4b73-a9f4-7a9141a7813c,James Cooper DVM,noahwilliams@example.net,001-817-822-2952x080,Emirati,36,employed,7,4178.43,3915.34,5,1,family,362794.63,146157.12,216637.51,638,DECLINE
24bd3772-b7bc-4ad0-9f5a-677cd8790137,Mark Cook,crystal67@example.org,(949)248-1238x714,Expat,28,employed,10,6813.43,5815.19,4,4,rented,225322.99,184902.73,40420.25999999998,613,DECLINE
51bc509c-072b-43ea-b8e6-8e2091465b5a,Michael Farley Jr.,hallgabriela@example.net,(546)821-6722x528,Expat,47,employed,10,5954.1,4093.97,6,6,family,110762.85,221944.86,-111182.00999999998,746,DECLINE
fbaff73e-503b-47f7-9428-3164a2128ec2,Richard Porter,ghahn@example.com,369.742.2360,Emirati,34,self_employed,17,9747.67,10343.79,6,6,family,243485.69,32649.79,210835.9,383,APPROVE
1b100bea-e8db-437a-9670-8c2abacfa9df,Luis Simon,lopezdavid@example.org,368-861-0195x17817,Expat,59,employed,17,13705.26,11529.9,2,0,rented,424793.64,189487.95,235305.69,714,DECLINE
19376481-dc8f-4405-9905-68906262b858,Donald Stephenson,jessica41@example.net,+1-229-233-0304x5096,Emirati,43,unemployed,0,588.75,471.53,6,3,rented,445718.77,176880.23,268838.54000000004,597,APPROVE
59f9ff40-7b88-44ff-9caf-cb5e7839eb88,Donald Sosa,elang@example.org,684-894-4411,Emirati,65,part_time,18,2988.04,1575.83,1,1,rented,423990.92,241962.02,182028.9,469,APPROVE
71afb5fc-dc3c-45c9-a18e-279005ef51f5,Kenneth Thompson,jessica98@example.org,914-675-9770x4983,Expat,42,self_employed,6,2404.2,1044.02,6,1,family,380736.19,69524.97,311211.22,570,DECLINE
0104efa2-6b60-413f-983a-98cc86fcbed7,Chris Mccarthy,christinasmith@example.org,+1-985-701-8929x274,Emirati,42,self_employed,18,10815.52,9332.77,8,4,family,19952.35,194557.42,-174605.07,405,APPROVE
a71fb562-83f2-40ae-a7a5-eaea31acc229,Steven Wallace,aaronscott@example.com,898-530-2126x172,Expat,49,self_employed,11,7876.79,6404.6,6,1,government,449113.31,23351.24,425762.07,557,DECLINE
05f85e3f-3e57-462d-abe6-faffbc95b214,Daryl Gregory,david42@example.org,846-608-3246,Expat,56,self_employed,5,7018.37,3650.9,1,0,family,69484.15,49681.75,19802.399999999994,378,DECLINE
8edf7d30-15a4-4f7f-a241-446277bde49c,Candice Young,gcantu@example.com,466.422.1873,Expat,19,employed,20,7975.36,6959.56,4,1,government,165112.38,34001.61,131110.77000000002,790,DECLINE
ab97336a-a0f2-4a86-926b-e0b0d5cc25c8,Kim Graham,amanda71@example.com,989.720.9703,Expat,29,unemployed,0,191.83,85.31,1,0,owned,296173.83,40417.21,255756.62000000002,824,APPROVE
929c063f-dea2-4a02-921f-6d8fb29d510b,Courtney Reed,betty08@example.org,5064645295,Expat,28,self_employed,15,10785.09,9547.19,1,1,rented,363987.16,246390.99,117596.16999999998,387,DECLINE
cf7daab9-435c-402c-ac23-1ae0c91e4f24,Shawn Pierce,hendersonrichard@example.org,(328)998-8526x611,Expat,47,unemployed,0,901.26,882.65,7,2,family,397308.04,246135.95,151172.08999999997,486,APPROVE
32e2af8a-6eea-4bee-88d7-412156f1d72e,Jessica Wilson,jesusmartin@example.org,985-797-8115,Expat,57,employed,5,7538.54,6667.15,4,1,government,66106.6,4968.79,61137.810000000005,835,DECLINE
9f91a1a8-63cc-45f9-ae86-05af13fd39fd,Scott Hill,janet72@example.org,3693628403,Expat,32,employed,1,4118.28,3033.31,2,2,government,329696.31,270595.43,59100.880000000005,301,DECLINE
92c0949e-ec4f-44ce-ac44-c212ab3ab7a4,Christopher Wagner,nlowery@example.net,001-497-384-9903x7023,Emirati,36,self_employed,7,5505.18,3323.01,7,2,government,402310.52,272357.66,129952.86000000004,400,DECLINE
ce7ceb44-332d-4c5c-8f97-4073bf788314,John Bates,marvin84@example.com,231.947.6437,Emirati,62,self_employed,20,3890.21,1578.47,5,4,owned,354574.42,236826.74,117747.68,835,DECLINE
76675fe9-5ae2-4ef0-b631-f14e88d8e846,William Palmer,markbray@example.com,(627)512-9588x2356,Expat,61,part_time,19,2086.81,1777.41,7,6,family,77389.29,195472.78,-118083.49,559,APPROVE
8ce65dcd-b3a9-4ac3-ac44-4cc90c907d19,William Williamson,olee@example.net,(510)653-3435,Expat,63,self_employed,18,6132.28,7302.36,4,2,government,391894.21,144740.33,247153.88000000003,679,DECLINE
933ea83b-7b60-44e1-843e-fbe56a06ae95,Kelly Mitchell,briannamills@example.org,4866730661,Expat,53,self_employed,12,10549.99,6030.02,3,0,rented,329641.42,224344.26,105297.15999999997,757,DECLINE
961f4683-a27d-4417-8915-749ee8bbb015,Miranda Ramos,jacksonlisa@example.org,+1-413-884-1191,Emirati,41,employed,8,7669.24,3608.47,3,3,government,317938.31,241310.81,76627.5,448,DECLINE
075d7531-aea1-4621-a671-3d5018078e7c,Philip Perkins,stephenhenson@example.net,209-255-3123x192,Expat,46,employed,5,11693.94,13524.89,1,0,family,465342.5,120193.46,345149.04,833,DECLINE
c67da69b-091e-4fe1-806a-66f22bfc04b7,Bruce Miller,jonesthomas@example.com,(587)337-4000x474,Emirati,61,employed,7,13206.81,10676.89,4,4,owned,465379.23,155445.98,309933.25,499,DECLINE
698f127f-bd34-486b-a8be-add44e66ae37,Samantha Osborne,robertmosley@example.org,867.395.1403x9202,Emirati,51,employed,12,5871.08,5493.74,6,2,government,143.64,47233.43,-47089.79,582,DECLINE
4a900436-339b-4a30-a71c-3c4ea1f732cb,Diane Owens,jennifer93@example.com,001-536-866-3282x4834,Expat,43,employed,6,14030.13,8152.02,2,1,family,274796.33,217841.61,56954.72000000003,656,DECLINE
342201a1-164f-4893-8e4b-d3e3013c4cb7,David Davila,jason76@example.com,889-226-5477x2009,Expat,52,employed,16,5100.42,5904.31,5,2,family,253119.05,167589.21,85529.84,815,DECLINE
46d498f5-af47-4ecd-9cb9-ea0cf5524f02,Jonathan Lozano,david67@example.org,001-840-736-3590x080,Expat,25,part_time,0,3898.17,4355.11,8,7,government,281584.3,230990.16,50594.139999999985,647,DECLINE
d87fef5f-2ddd-4a7e-bfb3-8aa78307be2c,Dawn Davis,caleb88@example.com,(943)501-9311,Emirati,62,part_time,16,2148.02,2501.06,2,1,family,394328.01,66114.7,328213.31,535,DECLINE
6b66ec48-f04f-4cd8-81a5-fc5922d3046f,Charles Freeman,tylerjohnson@example.com,001-761-370-7585,Expat,40,part_time,15,1861.87,2132.06,4,4,owned,199465.32,224636.44,-25171.119999999995,650,APPROVE
7d6cbd90-dcda-446e-a216-efe1116976bc,Angela Nguyen,carrillojames@example.com,6654848026,Emirati,34,unemployed,0,274.18,153.47,5,5,government,373078.13,279076.58,94001.54999999999,494,APPROVE
caa59a52-1d97-4c02-a409-e0cff110c859,Joseph Luna,asmith@example.org,702-761-8986,Expat,57,unemployed,0,304.15,345.56,4,0,owned,124847.72,185579.07,-60731.350000000006,459,APPROVE
26158020-7fa3-4656-aa38-fe1bc3c94907,Benjamin Holt,leegarcia@example.com,624.263.2049x46366,Expat,43,employed,16,13176.13,15646.86,1,0,government,185598.27,94625.07,90973.19999999998,581,DECLINE
58f9bacd-e5ef-4488-aa35-78d85937d676,Alexandra Montoya,maddoxrichard@example.com,001-544-891-6460x7373,Emirati,47,unemployed,0,81.22,88.39,3,3,family,399634.96,143496.02,256138.94000000003,333,APPROVE
e855ec06-aa16-494a-a03a-62504d9da0cc,Keith Klein,brandonbaker@example.net,+1-887-699-2615,Emirati,53,employed,8,6787.82,4678.72,8,5,owned,4209.3,202230.92,-198021.62000000002,688,DECLINE
bda9b2ab-d17f-4119-9f21-8a92588e343d,Craig Miller,wrightjames@example.com,950.660.0744x22666,Expat,43,part_time,11,1808.22,1027.84,4,3,government,479263.41,102928.94,376334.47,488,APPROVE
b0e62c9f-549c-4ce4-8c3b-dd3981be8e42,Antonio Watson,christopherfarmer@example.com,502.409.3459,Expat,42,part_time,17,1539.67,1606.29,8,4,owned,65569.58,172767.82,-107198.24,534,APPROVE
8ca5fe8a-6117-4975-ade0-5f523aa07be9,Michelle Kim,zachary59@example.org,349.406.8621,Expat,49,unemployed,0,1200.06,959.66,3,3,rented,369271.01,141896.11,227374.90000000002,309,APPROVE
e439ef71-52be-47f2-aa5d-9275ed58493d,Cesar Ramsey,gabriellazimmerman@example.org,(609)980-5957x250,Emirati,46,part_time,15,2686.42,2823.57,5,1,owned,283917.26,119520.57,164396.69,467,APPROVE
be2e7915-a8fa-497c-be44-fbde8ca4747e,Kaitlyn Reeves,hancocktraci@example.net,+1-636-749-0552x6474,Emirati,54,part_time,11,2082.89,1519.28,5,0,family,280175.02,279553.37,621.6500000000233,563,APPROVE
f1cd895c-dd9a-486c-873a-1a7e4695e7e6,Kristin Wilson,teresa97@example.org,797-411-7063x620,Expat,58,unemployed,0,532.66,474.56,5,3,owned,336596.42,146248.12,190348.3,757,APPROVE
a3e8b6cf-ae1c-47bc-9da7-715d31cd3c95,Samantha Neal,denise94@example.org,(861)715-9144,Emirati,38,unemployed,0,960.87,508.88,3,0,owned,464283.33,126544.95,337738.38,714,APPROVE
10b71950-bb16-4f1e-a681-e1a3dd76f1b5,Linda Armstrong,williamssteven@example.net,(956)469-2162x0011,Expat,28,part_time,14,3131.3,2722.78,5,5,family,302692.49,118636.6,184055.88999999998,755,DECLINE
a02ffe7c-057e-4f17-8e30-5a3213f49c05,Sean White,lhurley@example.org,(607)742-1249,Emirati,22,unemployed,0,187.56,134.6,1,0,rented,117313.6,75494.1,41819.5,381,APPROVE
9e103f13-de1b-424c-b387-4c7ee14de9a9,Ray Martinez,djames@example.com,(631)342-2366,Expat,37,self_employed,2,2263.65,2024.79,1,1,owned,198506.26,229498.91,-30992.649999999994,385,APPROVE
de9bcf57-1f85-4334-aa52-14b28b3f7b7c,Amy Whitaker,renee44@example.org,471-335-7112,Expat,38,unemployed,0,1106.39,473.67,4,0,rented,221580.21,37923.51,183656.69999999998,839,APPROVE
638447a9-0074-419c-8b9b-4100f5db4f8e,Laura Walker,wjohnson@example.com,(687)827-1982,Expat,58,self_employed,19,11749.82,6364.05,8,8,rented,270292.08,81724.33,188567.75,755,DECLINE
998e8a44-05d4-4aaa-b69a-533f8e986c5b,William Morgan,fmartinez@example.org,981-577-9221x3100,Emirati,37,self_employed,8,11089.23,7680.7,5,2,government,240825.84,68138.53,172687.31,391,DECLINE
4774d281-408a-4b33-9d72-1f4593c086a3,Adam Smith,crystal01@example.net,(934)594-9201,Expat,37,employed,15,9279.79,8817.8,1,0,government,379146.72,40890.14,338256.57999999996,593,DECLINE
cdfb97fb-e72d-44c7-a62b-e39ecb3fa45b,Randy Myers,wrightryan@example.org,628.925.9538,Expat,33,employed,13,12575.58,13905.19,7,6,rented,298501.88,239030.22,59471.66,682,APPROVE
0b97061f-0dae-4402-9c6b-4a3585a686ee,Alan Hunter,edwardbrown@example.com,+1-811-957-6901x84906,Expat,44,unemployed,0,1242.64,1141.69,7,4,family,110296.21,23762.92,86533.29000000001,545,APPROVE
50e0f8ef-f363-4b2e-bbcc-4b010ef0e7a2,Deborah Hayes,daniel05@example.com,001-593-550-6004x1630,Emirati,38,unemployed,0,273.61,245.76,2,2,family,144797.65,191067.81,-46270.16,763,APPROVE
d29ad08e-96b7-4e54-8f91-2d903ed49ed3,Darryl Shaw,wangtony@example.net,3892258684,Emirati,32,employed,14,3595.58,1797.9,3,2,family,267485.38,55781.28,211704.1,404,DECLINE
402c5f86-a820-4f18-b295-fc10ed906519,Bethany Bowman,alyssa50@example.net,001-892-999-5544,Expat,23,employed,1,3176.7,3041.84,3,3,family,108594.04,126072.91,-17478.87000000001,810,DECLINE
632e8ddf-c81c-4ed2-ba37-d290f3542b87,Connie Marquez,petersondavid@example.com,+1-505-222-8366x316,Emirati,25,unemployed,0,399.76,421.27,1,1,rented,196210.89,162957.59,33253.30000000002,485,APPROVE
c8e6bc07-f328-429a-82e3-5f125d0514f6,Karen Esparza,gregorybeck@example.net,449-256-0453x2495,Emirati,51,unemployed,0,1156.84,1143.26,7,7,rented,221480.47,221285.7,194.76999999998952,334,APPROVE
d6306cd8-9366-4a75-9c55-c8d086691725,Charles Ortega,qgalvan@example.org,786.321.8622,Expat,48,unemployed,0,583.68,476.72,8,8,owned,480606.95,280864.57,199742.38,462,APPROVE
ea58c390-cd68-4b4d-af98-7229d3bab4a0,Francis Prince,lewiswilliam@example.net,920-307-1827x0045,Expat,55,part_time,5,2081.28,1372.83,4,3,rented,26043.76,200008.44,-173964.68,415,APPROVE
9e71e03b-9e1d-4209-9daf-d560c3959465,Brenda Gonzalez,rogersdarius@example.org,+1-343-383-7783x8205,Emirati,49,employed,7,12469.73,12677.2,7,5,rented,4464.93,12598.01,-8133.08,786,APPROVE
e527aca7-c4ec-4036-8efc-258a215c6c6d,Catherine Mcknight DVM,oayala@example.com,+1-630-329-3826x560,Emirati,26,employed,17,14170.19,7412.92,6,5,family,498486.55,187539.7,310946.85,361,DECLINE
4579ede3-d033-408e-bc8b-5fdbda4b1c3b,Teresa Stewart,mcleanryan@example.com,823.481.0208,Expat,64,self_employed,12,5167.4,2155.23,4,1,government,279175.22,193393.79,85781.42999999996,655,DECLINE
ffa41c10-9974-4be9-8f39-1fb7b1f43571,Robert Holmes,rgarza@example.com,+1-969-826-5742x28727,Expat,38,unemployed,0,1347.99,1150.32,5,1,government,242651.07,131250.0,111401.07,601,APPROVE
3dd42fc5-3e9d-4785-bc5f-1d4afccf3cc4,Timothy Smith,davischristine@example.org,581.634.5075x690,Expat,52,self_employed,9,10676.62,5594.77,5,4,owned,299339.97,258168.26,41171.70999999996,464,DECLINE
83ce3167-bcdc-4980-b1f5-eba2c1ec6089,Jennifer Rodriguez,adam61@example.net,001-239-435-8235,Expat,64,part_time,7,1002.16,1023.02,8,5,owned,319013.03,113713.07,205299.96000000002,489,APPROVE
c476b86d-40a1-4f1e-8e4e-cde0e37c777d,David Sharp,caguilar@example.com,+1-700-400-1246x5854,Emirati,24,employed,10,5278.43,3841.87,7,5,family,341612.09,229720.23,111891.86000000002,457,DECLINE
e9db484a-8c45-4f3b-bc23-2e65f3ac3a6c,Nicholas Jones,prios@example.org,+1-442-875-8904,Expat,60,employed,1,13022.32,7205.16,1,1,owned,64887.13,262047.83,-197160.69999999998,506,DECLINE
5289c5c2-b88a-4c28-83c5-61768a26790b,Brittany Ayers,zachary70@example.net,+1-747-804-6853x22666,Expat,58,self_employed,2,2490.86,1975.56,5,5,rented,110361.39,215353.56,-104992.17,313,APPROVE
f1129337-0ebb-4a25-a5e0-acae8bac0bb5,Dalton Fox,pughsabrina@example.org,234.577.2678,Emirati,64,employed,16,9696.24,8664.04,6,6,owned,469121.93,124785.96,344335.97,677,DECLINE
06e9e57e-63d6-40bb-b9b0-6e4a24dd9165,Veronica Morris,adamsdonald@example.com,424.999.7112x0972,Emirati,54,employed,6,3935.22,2787.18,5,4,rented,107950.03,155845.58,-47895.54999999999,403,APPROVE
b4fe44bb-7658-4e10-9893-34ddc80a5975,Kaylee Obrien,davidvilla@example.net,001-433-824-5413,Emirati,53,unemployed,0,1119.16,597.01,7,1,government,383141.71,172969.1,210172.61000000002,769,APPROVE
0f32ded7-b08c-4eef-bc28-14ea06214c45,Kristen Franklin,robertjohnson@example.com,(250)649-7710,Expat,44,self_employed,10,8575.32,10231.82,6,4,family,266950.24,179974.72,86975.51999999999,660,DECLINE
a9b33ae6-427b-447a-8480-f0141e8a7099,Christopher Sharp,wrightjamie@example.com,577.852.2506x37687,Emirati,64,self_employed,12,8084.13,6127.77,6,3,family,281572.35,64178.44,217393.90999999997,560,DECLINE
70ae9f64-a083-47d0-885c-25f775c6ba78,Susan Gibson,bjackson@example.net,412.304.1848x9186,Expat,19,employed,6,10149.15,12052.27,5,2,owned,258804.68,298023.6,-39218.919999999984,609,APPROVE
e049f488-caf1-4e1e-80ee-5d7d400787fe,Amber Norman,wendygonzalez@example.net,889.622.9262x28462,Emirati,54,part_time,9,1282.86,752.26,3,1,family,230184.9,46832.13,183352.77,571,DECLINE
b40e3c5e-e99c-4f9a-9264-1d97006b18f8,Rebecca Woods,meganharmon@example.org,579-545-0702x81946,Expat,20,self_employed,3,9342.66,9862.23,4,4,government,361790.26,237871.26,123919.0,477,APPROVE
011a9213-f4b9-4bc9-ade1-db8c33c83811,Susan Clark,williamsstephen@example.com,+1-821-820-0394x561,Emirati,58,self_employed,7,9801.22,10740.46,2,0,government,460935.75,100316.89,360618.86,744,DECLINE
8a2281e7-68a0-48d1-aaeb-b13c2b71e1a4,Anthony Martinez,heathjames@example.net,(334)693-3892x6204,Expat,56,self_employed,12,5047.83,2637.78,1,0,family,20591.13,161978.92,-141387.79,453,DECLINE
a1e88e97-d0df-4a19-927a-4de0a911e458,Mrs. Jennifer Silva DDS,elizabeth79@example.net,001-261-209-6274,Expat,34,employed,1,8183.23,7014.28,4,3,owned,393184.15,44403.72,348780.43000000005,644,DECLINE
49029eb5-6d06-45ac-9c8e-1b739ad0db0c,Randall Wolfe,kaitlynfernandez@example.com,793.415.9493x511,Emirati,53,employed,20,9021.88,7129.89,7,3,government,386912.57,39112.55,347800.02,438,DECLINE
d388c7ea-b00f-41bd-bd7b-afec5fd0ddaf,Mary Conley,ldiaz@example.org,(444)784-7400x9019,Expat,30,unemployed,0,107.47,79.4,4,3,owned,388385.95,97023.49,291362.46,391,APPROVE
d315288b-e8b0-40e7-94db-0ebd11e25a4c,Cheyenne Alexander,sandraquinn@example.com,(473)427-2988x70529,Emirati,30,part_time,1,2781.63,1437.14,6,4,government,12103.42,91445.65,-79342.23,658,APPROVE
8cc9029e-9a90-47b1-85cb-76f065a77b60,Martin Adams,hartluis@example.com,333.296.9579x67641,Emirati,39,part_time,9,3273.2,3584.16,3,1,rented,426382.07,33711.52,392670.55,355,DECLINE
2a98d6bf-ea22-4a11-9518-7022a018d9f2,James Murphy,dawncarpenter@example.net,(572)475-7524x827,Expat,57,employed,8,8400.74,7032.59,5,1,rented,11374.06,62702.86,-51328.8,850,DECLINE
08a6a0c1-e39d-4915-9854-e7612190063f,Jerry Garcia,john56@example.com,(353)774-4535x3000,Expat,21,unemployed,0,564.91,354.32,1,0,rented,453020.14,158039.73,294980.41000000003,561,APPROVE
6ee0544a-2da8-4064-ad24-26a233cdb8d7,Nicolas Kelly,eringarcia@example.net,843.714.2227x293,Expat,32,self_employed,20,2665.98,1690.22,1,0,owned,330186.41,198894.49,131291.91999999998,668,DECLINE
22451dfc-4066-4653-a3ab-37b1f03a6c6f,Jamie Adams,anthony69@example.org,602-379-4786,Emirati,20,self_employed,14,11038.72,8836.72,2,0,rented,242331.08,179131.92,63199.159999999974,390,DECLINE
5be4b6b7-5683-4c00-8761-c29400a3dc30,Gary Velasquez,stephaniearcher@example.com,(898)792-7048x328,Emirati,50,unemployed,0,500.35,450.41,5,2,family,196699.91,47101.58,149598.33000000002,655,APPROVE
95592cb9-6e20-41ef-ba37-261ddc13deb9,Amy Edwards,matthew09@example.org,850.645.0770x860,Emirati,23,part_time,12,2877.38,1500.17,1,0,family,439338.64,267120.63,172218.01,330,DECLINE
e57100a9-f755-452b-950a-0d66456f858d,Carlos Washington,baileymichael@example.org,+1-304-960-2034x84005,Emirati,55,self_employed,6,6173.33,5147.24,4,3,family,286449.28,127939.5,158509.78000000003,619,DECLINE
d9198822-1f2e-4096-b05c-41ef6bdc66d2,James Mata,joyce46@example.net,001-650-518-5609x59592,Emirati,38,unemployed,0,463.5,428.73,3,1,government,352568.19,157141.65,195426.54,438,APPROVE
ca9cb4f1-dc4c-4d9f-ab12-6797c039e67f,Bryan Ward,lanemallory@example.org,001-548-696-1145x7446,Expat,65,employed,9,5209.62,6089.82,2,1,family,419761.25,43656.85,376104.4,330,DECLINE
7f72be3c-cc15-4a30-beae-23a276d4f0e2,Aaron Martinez,nschultz@example.com,733-214-7353,Expat,23,part_time,0,3337.32,1951.43,3,1,rented,53385.72,55423.95,-2038.229999999996,573,DECLINE
39cb7bfa-ff61-4b10-96ab-013587913ebe,Matthew Walker,brianjones@example.com,420-823-6601x9508,Emirati,30,self_employed,4,7023.25,5570.54,3,3,rented,302355.88,213605.74,88750.14000000001,682,DECLINE
67298d43-7372-449a-9ed5-bea8696cb72e,Amber Robles,cory59@example.com,001-611-309-3577,Emirati,29,unemployed,0,612.88,616.69,1,0,rented,484407.54,277630.52,206777.01999999996,722,APPROVE
e67fc092-532c-4aaa-865a-779a5a875260,Mary Wright,bryanchen@example.net,(564)359-1397,Expat,43,self_employed,12,8878.63,7869.52,8,0,government,433387.45,266276.07,167111.38,737,DECLINE
55a25a23-20b1-43e0-b6b4-ffc380f04026,Marcus Turner,wisedaniel@example.net,001-773-939-4366,Emirati,30,employed,12,8419.32,3632.11,2,2,government,413505.05,12724.77,400780.27999999997,551,DECLINE
ed2d259c-aa84-4b62-bcf0-37033474f3fd,Kenneth Hanson,zmclaughlin@example.org,001-333-448-7114x172,Emirati,47,part_time,1,2194.12,1394.44,8,6,rented,152277.07,248286.3,-96009.22999999998,772,APPROVE
9cf92936-d418-49fb-b556-36339b4f293d,Heidi Carter,rbennett@example.org,001-951-920-7778x55551,Emirati,47,self_employed,0,9226.47,6078.11,2,1,government,56585.79,233619.34,-177033.55,438,DECLINE
1df7bfd1-a250-404a-9080-6babd71939d0,Rebecca Kim,monica99@example.com,+1-905-561-4638x08034,Expat,58,unemployed,0,135.27,66.46,8,1,owned,162037.39,194572.93,-32535.53999999998,467,APPROVE
1363a398-7a42-4dbb-8734-d2899b979638,Jennifer Jones,kyle26@example.com,001-840-848-7275x02349,Emirati,39,part_time,1,2571.45,2160.73,2,1,rented,192043.69,237319.98,-45276.29000000001,823,APPROVE
964b7909-c455-480e-a24e-65c8fde886f0,Gerald Austin,orodriguez@example.org,+1-710-919-2903x5104,Expat,36,unemployed,0,1303.23,1282.55,3,2,family,89433.38,213614.25,-124180.87,729,APPROVE
22de2265-0f0c-4f40-8e8a-36b68d4cc709,Ryan Owen,nguyenmichelle@example.com,+1-761-804-2546,Expat,52,unemployed,0,1347.81,1075.69,2,1,owned,480216.94,1059.87,479157.07,559,APPROVE
32d74d7f-4315-4f50-b2ea-9b1c91d075f0,Heather Klein,melissawilson@example.net,417.365.6102x45084,Emirati,53,employed,0,5854.54,5157.69,8,1,government,294431.16,142713.6,151717.55999999997,719,DECLINE
a50eb069-010a-4ab7-8aed-af08a626d7df,Jason Miller,melissa81@example.net,598.752.3883x21735,Expat,39,part_time,19,1146.76,1070.61,4,0,rented,74128.08,195983.06,-121854.98,337,APPROVE
eeddaf7f-568e-41c8-9469-70b2a2f72024,Dr. Anthony Alexander,mosleyheather@example.com,001-889-825-2978x37724,Emirati,23,employed,11,4306.65,4304.36,1,1,rented,496867.59,48400.57,448467.02,591,DECLINE
05d19273-fedd-48cf-9254-148669447aa9,Cynthia Mitchell,laurie51@example.com,516-802-9236x7190,Expat,39,part_time,3,2105.71,1635.41,6,2,owned,189469.68,20300.0,169169.68,737,DECLINE
3528d23c-d4d9-4683-afe6-525e0584c270,Dalton Marsh,nataliepotter@example.net,(308)782-3455x71072,Expat,45,self_employed,19,8958.29,8772.49,4,3,owned,306026.87,32790.67,273236.2,841,DECLINE
3b28119c-0338-45f7-97ba-3346628f164f,Ronald Mitchell,patricia14@example.org,001-568-870-2042x9186,Expat,29,part_time,15,2576.17,2533.27,5,4,government,497512.17,106156.0,391356.17,432,APPROVE
ea4212a3-8b5a-4711-9e7a-5f6a1ca26c45,Cynthia Rivera,jasonroberson@example.com,+1-249-930-9413x46948,Expat,20,unemployed,0,1468.89,1761.48,5,4,rented,790.46,7196.04,-6405.58,420,APPROVE
a424f28f-251c-468c-9dfb-127a1abf062d,Stephanie Mcintyre,qharmon@example.net,001-346-938-8271x3369,Expat,50,part_time,9,2681.25,2767.47,6,2,family,318751.77,3389.18,315362.59,506,APPROVE
d39403c1-ac25-4b7a-81fa-a7ce783f01cd,Joseph Anderson,davidbaker@example.org,(676)281-2367,Expat,48,part_time,10,1341.51,891.32,1,0,rented,166641.45,118814.8,47826.65000000001,329,APPROVE
d6f741bc-3dac-41a4-b11d-7ffea78d51f5,Tracy Martin,tsantos@example.com,+1-206-862-1539,Emirati,51,employed,13,8777.95,9016.63,3,3,family,313600.24,267617.5,45982.73999999999,849,DECLINE
2f6eac96-dcc7-4783-8e8e-a62524c84666,Kenneth Pugh,clarkbrittany@example.org,+1-588-259-7316x59148,Emirati,39,part_time,8,2665.53,3133.84,6,0,family,9359.22,173219.29,-163860.07,639,APPROVE
c41109d5-bfb3-4171-a398-b7ada28f0c59,Susan Peterson,tamara32@example.net,+1-793-754-9809,Expat,33,self_employed,2,7709.82,4758.48,3,0,family,194783.14,178557.56,16225.580000000016,615,DECLINE
a1e917e2-f3a9-4436-9f3a-724903c78484,Tommy Smith,iroth@example.net,341-545-5467x62490,Emirati,46,part_time,6,3488.37,3585.89,8,5,owned,151314.35,157530.13,-6215.779999999999,479,APPROVE
e7f7c5cb-32df-42ea-b352-dae59a985d6d,Veronica Kelly,annmason@example.net,376-894-6736x6973,Emirati,31,employed,3,13859.47,7132.58,8,5,family,77038.89,102034.77,-24995.880000000005,795,DECLINE
a66457de-739c-4229-8c1a-59fa0521c5c5,Nicole Howard,adamskristin@example.org,+1-602-449-5838x59517,Emirati,51,employed,1,7651.06,5100.44,8,1,owned,432405.1,34750.8,397654.3,618,DECLINE
b0659041-c405-40da-b6ba-dfb5990fcc8b,Phillip Morgan,emily82@example.net,832.488.6491,Expat,46,part_time,17,2732.68,1719.55,1,0,rented,156071.45,267640.68,-111569.22999999998,628,APPROVE
32daa0a3-4ef0-4ff6-97c4-c4e22acb9dae,Charles George,hendersonamanda@example.com,001-619-473-2825,Expat,35,employed,17,4791.85,3996.51,5,1,owned,136818.44,4577.02,132241.42,826,DECLINE
cf70e818-d0d5-488e-97a3-777d958c7cbc,Robert Forbes,xosborne@example.com,+1-410-430-4972x640,Expat,61,unemployed,0,861.12,434.06,5,0,government,85637.49,93413.27,-7775.779999999999,646,APPROVE
8032dd58-bafe-4247-8fe4-e24ffdef2f6b,Jessica Horn,fisheramanda@example.org,617.421.7355,Emirati,47,employed,6,7603.2,5062.71,2,1,family,43059.79,117575.03,-74515.23999999999,756,DECLINE
619bf810-2e09-480a-9fcb-83d6e8baa5e7,Nathaniel Wheeler,kellysalazar@example.net,477-431-4906x8373,Expat,48,unemployed,0,1219.28,1116.29,2,2,family,459844.52,140482.77,319361.75,766,APPROVE
012f5080-6009-4491-b26e-98cb158e3ebb,Sabrina Garcia,catherine81@example.org,001-975-325-4110x9988,Expat,38,unemployed,0,215.58,206.89,4,1,government,447850.43,77415.83,370434.6,672,APPROVE
0e83b7fe-7a58-461d-b8e3-0e62f733d6f5,Bryan Lucas,lesliesnyder@example.com,205-612-0092,Emirati,50,self_employed,19,2302.64,2335.69,8,4,rented,237667.18,105432.25,132234.93,772,APPROVE
e4ebbaf1-5302-4bbe-998d-aa69d1894567,Amy Jimenez,angela75@example.com,001-934-780-3630x2745,Emirati,57,employed,13,12810.63,9232.02,7,7,family,398378.89,97760.92,300617.97000000003,372,DECLINE
024470c0-0d67-4c15-933d-427de92b5779,Jessica Sanchez,elliotterik@example.net,(844)382-4794x52867,Emirati,29,unemployed,0,1460.84,1220.71,3,2,government,191908.23,102214.25,89693.98000000001,741,APPROVE
46cf5ff8-d14a-446b-9c85-305c8f196856,Catherine Collins,deanharrell@example.org,447-749-5041x52709,Emirati,56,employed,12,4371.87,2826.1,8,2,government,298037.75,97613.43,200424.32,399,DECLINE
9f3df7c7-2cb3-46df-b8fa-d0d176737c4f,William Edwards,cynthia06@example.org,001-363-998-9166x00077,Expat,52,employed,4,6928.9,6968.13,7,0,rented,322494.56,18444.67,304049.89,522,DECLINE
99e442f2-153d-4d51-8b95-4a81c281c03b,Susan Brooks,burkerachel@example.org,519.856.2683x53595,Expat,23,part_time,13,2846.72,3230.46,7,4,family,223579.88,61698.5,161881.38,624,APPROVE
521a105f-a0d6-417c-89dd-69a05861927b,Kristin Tate,nsmith@example.net,757.585.4194x1716,Emirati,33,employed,9,13171.64,6424.58,7,5,owned,426252.59,18723.17,407529.42000000004,354,DECLINE
4d4f7b30-d1e0-4e4e-96eb-7b09a87955cd,Sean Garcia,chadholt@example.net,2498555627,Expat,41,self_employed,6,8252.14,6435.82,7,2,rented,355886.83,121809.8,234077.03000000003,745,DECLINE
4f94b385-a408-4b2d-be69-d4f02ebf6a82,Tara Gibson,melaniegarcia@example.com,947-853-2504x598,Expat,26,self_employed,15,4884.71,2516.59,3,0,owned,436367.85,37664.75,398703.1,311,DECLINE
1b4eccd7-d22b-43e4-b82b-529761e51948,Michael Nguyen,tiffany29@example.net,262-467-0706x9586,Expat,42,employed,17,10706.91,8646.17,3,3,rented,207927.73,136808.6,71119.13,735,DECLINE
2a3ec8f9-fac9-41b0-8389-8e6b9edbec0f,Kathleen Robinson,joneszachary@example.net,+1-847-346-5315x8754,Expat,20,part_time,18,1557.37,1777.35,4,3,family,302286.63,173381.55,128905.08000000002,542,APPROVE
8c9eaa5e-eceb-4486-8dd5-eee37463597b,Leslie Robinson,meghanjohnson@example.org,537.874.2319,Expat,51,employed,8,11458.59,13599.78,8,8,rented,56582.18,144459.87,-87877.69,381,APPROVE
fbe1d93f-d8a8-4d4f-b5be-b5ab2e6fac6d,Billy Jefferson,grantjody@example.net,+1-542-724-8484x36765,Emirati,48,employed,10,5942.78,2628.01,2,2,family,315331.42,199121.08,116210.34,379,DECLINE
69a0b562-51d5-44b0-8f54-8a7786a2ce94,Tina Torres,laurenolson@example.org,+1-453-947-4616x3687,Expat,64,self_employed,19,7739.65,3314.59,8,2,family,165756.99,105874.36,59882.62999999999,601,DECLINE
961c3190-6af0-49b1-8d0b-ec31d557e4a4,Justin Morton,wriggs@example.com,356-843-8710x6467,Emirati,35,part_time,4,2887.9,2275.11,1,1,owned,289070.54,171858.0,117212.53999999998,598,DECLINE
3c0b884b-dc17-4b02-ba69-bd1c3a5f7604,Dr. Patricia Olson,brianberry@example.com,001-619-535-5353x642,Emirati,34,part_time,11,2847.39,2640.45,3,1,rented,137608.56,77086.72,60521.84,414,APPROVE
b0e6a0c3-bf77-4f2e-a1e7-e09ce31b2a74,John Wise,ryan57@example.org,(514)394-9877x5094,Expat,42,unemployed,0,271.21,290.22,8,2,rented,263694.43,9927.16,253767.27,386,APPROVE
4b4b6d50-828c-4c9a-bdc0-53219b919e89,Sonia Vasquez,pbrown@example.org,001-833-763-2790x536,Emirati,21,unemployed,0,1089.0,1093.78,8,4,owned,83641.63,173327.22,-89685.59,653,APPROVE
5837192f-e5e9-4d74-b13b-fbd10fb42b5c,Brandon Cooper DDS,bryantmary@example.net,+1-563-381-3075x8292,Expat,48,unemployed,0,598.12,566.3,8,6,rented,150683.56,223845.16,-73161.6,845,APPROVE
9b95c471-5c29-40d0-b614-1a9df5440ac2,Matthew Williams,juliajones@example.com,+1-980-658-9696x868,Emirati,52,part_time,1,2591.33,3030.33,3,2,government,217367.16,86637.67,130729.49,759,DECLINE
9d6b066d-380c-495c-afea-0a5b80d9f930,Linda Anderson,murilloanthony@example.com,265-372-0820,Expat,47,part_time,18,2831.46,1710.98,7,1,family,326032.96,81777.18,244255.78000000003,576,DECLINE
13e9b819-0f9f-4f10-bc27-637247c4fe78,Sarah Combs,louisjohnson@example.com,001-264-205-7753x56739,Emirati,44,unemployed,0,779.93,830.9,4,0,owned,338859.08,297964.45,40894.630000000005,620,APPROVE
03135ada-b2ee-4680-b8a7-1c9ee065cc67,Rebecca Thomas,cchaney@example.com,(242)243-5916,Emirati,56,employed,2,11225.99,4703.25,2,0,rented,175758.21,217575.2,-41816.99000000002,557,DECLINE
a26343c8-14fd-4809-af99-6812c6b53215,Alex Weiss,jesusbaker@example.net,970.438.6393x492,Emirati,25,unemployed,0,1062.11,1073.88,2,2,government,59988.55,256932.25,-196943.7,433,APPROVE
286c3add-1014-441f-aa1b-ce4ccc7d8f19,Samantha Rowland,knappmichelle@example.org,+1-952-270-7984x895,Expat,34,unemployed,0,441.85,421.43,5,3,family,330238.92,22714.25,307524.67,764,APPROVE
1ef66404-99ce-4663-b701-b5dcf44be5ad,Erica Murphy,wendy66@example.org,+1-386-919-4308x615,Emirati,49,unemployed,0,415.93,225.58,2,1,family,31193.69,116577.13,-85383.44,361,APPROVE
b1809b0a-43f9-4d57-b872-ae34b89039cc,Norman Adams,bryan10@example.org,+1-592-508-3742,Expat,24,unemployed,0,267.66,302.48,7,1,rented,246028.65,43161.78,202866.87,741,APPROVE
4b4b7dd1-dae1-4c06-b368-77896274f14d,Jessica Morris,walkerangela@example.net,245.865.7093,Emirati,60,employed,0,3844.95,3546.17,2,0,government,363772.58,233171.15,130601.43000000002,319,DECLINE
159c07a7-738f-4c2d-a2e8-cb12b998bde9,Michael Brown,wdean@example.com,579.844.4981x93638,Emirati,18,self_employed,2,3516.07,2633.0,5,3,government,164915.43,117399.11,47516.31999999999,303,DECLINE
90311f7c-f969-412f-aa55-93d9e7fb9b10,Jonathan Williams,rachelrobertson@example.com,(541)899-8420,Emirati,41,self_employed,20,3212.04,1426.65,8,6,family,267652.04,297480.41,-29828.369999999995,641,DECLINE
34c6198a-a9c7-4c5d-8ef9-ab710ba132dd,Kayla Johnson,piercesandra@example.com,+1-570-772-3857,Emirati,37,part_time,12,3523.54,1520.28,2,2,rented,380226.54,86987.6,293238.93999999994,507,DECLINE
